seed,index,split,source,scenario,filename,battery_id,resistance
42,0,train,virtual,充电短路,0.01Ω充电短路_1.xlsx,virtual_0,0.01
42,1,train,virtual,充电短路,0.01Ω充电短路_10.xlsx,virtual_0,0.01
42,2,train,virtual,充电短路,0.01Ω充电短路_11.xlsx,virtual_0,0.01
42,3,train,virtual,充电短路,0.01Ω充电短路_12.xlsx,virtual_0,0.01
42,4,train,virtual,充电短路,0.01Ω充电短路_13.xlsx,virtual_0,0.01
42,5,train,virtual,充电短路,0.01Ω充电短路_14.xlsx,virtual_0,0.01
42,6,train,virtual,充电短路,0.01Ω充电短路_15.xlsx,virtual_0,0.01
42,7,train,virtual,充电短路,0.01Ω充电短路_16.xlsx,virtual_0,0.01
42,8,train,virtual,充电短路,0.01Ω充电短路_17.xlsx,virtual_0,0.01
42,9,train,virtual,充电短路,0.01Ω充电短路_18.xlsx,virtual_0,0.01
42,10,train,virtual,充电短路,0.01Ω充电短路_19.xlsx,virtual_0,0.01
42,11,train,virtual,充电短路,0.01Ω充电短路_2.xlsx,virtual_0,0.01
42,12,train,virtual,充电短路,0.01Ω充电短路_20.xlsx,virtual_0,0.01
42,13,train,virtual,充电短路,0.01Ω充电短路_21.xlsx,virtual_0,0.01
42,14,train,virtual,充电短路,0.01Ω充电短路_22.xlsx,virtual_0,0.01
42,15,train,virtual,充电短路,0.01Ω充电短路_23.xlsx,virtual_0,0.01
42,16,train,virtual,充电短路,0.01Ω充电短路_24.xlsx,virtual_0,0.01
42,17,train,virtual,充电短路,0.01Ω充电短路_25.xlsx,virtual_0,0.01
42,18,train,virtual,充电短路,0.01Ω充电短路_26.xlsx,virtual_0,0.01
42,19,train,virtual,充电短路,0.01Ω充电短路_27.xlsx,virtual_0,0.01
42,20,train,virtual,充电短路,0.01Ω充电短路_28.xlsx,virtual_0,0.01
42,21,train,virtual,充电短路,0.01Ω充电短路_29.xlsx,virtual_0,0.01
42,22,train,virtual,充电短路,0.01Ω充电短路_3.xlsx,virtual_0,0.01
42,23,train,virtual,充电短路,0.01Ω充电短路_30.xlsx,virtual_0,0.01
42,24,train,virtual,充电短路,0.01Ω充电短路_31.xlsx,virtual_0,0.01
42,25,train,virtual,充电短路,0.01Ω充电短路_32.xlsx,virtual_0,0.01
42,26,train,virtual,充电短路,0.01Ω充电短路_33.xlsx,virtual_0,0.01
42,27,train,virtual,充电短路,0.01Ω充电短路_34.xlsx,virtual_0,0.01
42,28,train,virtual,充电短路,0.01Ω充电短路_35.xlsx,virtual_0,0.01
42,29,train,virtual,充电短路,0.01Ω充电短路_36.xlsx,virtual_0,0.01
42,30,train,virtual,充电短路,0.01Ω充电短路_37.xlsx,virtual_0,0.01
42,31,train,virtual,充电短路,0.01Ω充电短路_38.xlsx,virtual_0,0.01
42,32,train,virtual,充电短路,0.01Ω充电短路_39.xlsx,virtual_0,0.01
42,33,train,virtual,充电短路,0.01Ω充电短路_4.xlsx,virtual_0,0.01
42,34,train,virtual,充电短路,0.01Ω充电短路_40.xlsx,virtual_0,0.01
42,35,train,virtual,充电短路,0.01Ω充电短路_41.xlsx,virtual_0,0.01
42,36,train,virtual,充电短路,0.01Ω充电短路_42.xlsx,virtual_0,0.01
42,37,train,virtual,充电短路,0.01Ω充电短路_43.xlsx,virtual_0,0.01
42,38,train,virtual,充电短路,0.01Ω充电短路_44.xlsx,virtual_0,0.01
42,39,train,virtual,充电短路,0.01Ω充电短路_45.xlsx,virtual_0,0.01
42,40,train,virtual,充电短路,0.01Ω充电短路_46.xlsx,virtual_0,0.01
42,41,train,virtual,充电短路,0.01Ω充电短路_47.xlsx,virtual_0,0.01
42,42,train,virtual,充电短路,0.01Ω充电短路_48.xlsx,virtual_0,0.01
42,43,train,virtual,充电短路,0.01Ω充电短路_49.xlsx,virtual_0,0.01
42,44,train,virtual,充电短路,0.01Ω充电短路_5.xlsx,virtual_0,0.01
42,45,train,virtual,充电短路,0.01Ω充电短路_50.xlsx,virtual_0,0.01
42,46,train,virtual,充电短路,0.01Ω充电短路_6.xlsx,virtual_0,0.01
42,47,train,virtual,充电短路,0.01Ω充电短路_7.xlsx,virtual_0,0.01
42,48,train,virtual,充电短路,0.01Ω充电短路_8.xlsx,virtual_0,0.01
42,49,train,virtual,充电短路,0.01Ω充电短路_9.xlsx,virtual_0,0.01
42,50,train,virtual,充电短路,0.05Ω充电短路_1.xlsx,virtual_0,0.05
42,51,train,virtual,充电短路,0.05Ω充电短路_10.xlsx,virtual_0,0.05
42,52,train,virtual,充电短路,0.05Ω充电短路_11.xlsx,virtual_0,0.05
42,53,train,virtual,充电短路,0.05Ω充电短路_12.xlsx,virtual_0,0.05
42,54,train,virtual,充电短路,0.05Ω充电短路_13.xlsx,virtual_0,0.05
42,55,train,virtual,充电短路,0.05Ω充电短路_14.xlsx,virtual_0,0.05
42,56,train,virtual,充电短路,0.05Ω充电短路_15.xlsx,virtual_0,0.05
42,57,train,virtual,充电短路,0.05Ω充电短路_16.xlsx,virtual_0,0.05
42,58,train,virtual,充电短路,0.05Ω充电短路_17.xlsx,virtual_0,0.05
42,59,train,virtual,充电短路,0.05Ω充电短路_18.xlsx,virtual_0,0.05
42,60,train,virtual,充电短路,0.05Ω充电短路_19.xlsx,virtual_0,0.05
42,61,train,virtual,充电短路,0.05Ω充电短路_2.xlsx,virtual_0,0.05
42,62,train,virtual,充电短路,0.05Ω充电短路_20.xlsx,virtual_0,0.05
42,63,train,virtual,充电短路,0.05Ω充电短路_21.xlsx,virtual_0,0.05
42,64,train,virtual,充电短路,0.05Ω充电短路_22.xlsx,virtual_0,0.05
42,65,train,virtual,充电短路,0.05Ω充电短路_23.xlsx,virtual_0,0.05
42,66,train,virtual,充电短路,0.05Ω充电短路_24.xlsx,virtual_0,0.05
42,67,train,virtual,充电短路,0.05Ω充电短路_25.xlsx,virtual_0,0.05
42,68,train,virtual,充电短路,0.05Ω充电短路_26.xlsx,virtual_0,0.05
42,69,train,virtual,充电短路,0.05Ω充电短路_27.xlsx,virtual_0,0.05
42,70,train,virtual,充电短路,0.05Ω充电短路_28.xlsx,virtual_0,0.05
42,71,train,virtual,充电短路,0.05Ω充电短路_29.xlsx,virtual_0,0.05
42,72,train,virtual,充电短路,0.05Ω充电短路_3.xlsx,virtual_0,0.05
42,73,train,virtual,充电短路,0.05Ω充电短路_30.xlsx,virtual_0,0.05
42,74,train,virtual,充电短路,0.05Ω充电短路_31.xlsx,virtual_0,0.05
42,75,train,virtual,充电短路,0.05Ω充电短路_32.xlsx,virtual_0,0.05
42,76,train,virtual,充电短路,0.05Ω充电短路_33.xlsx,virtual_0,0.05
42,77,train,virtual,充电短路,0.05Ω充电短路_34.xlsx,virtual_0,0.05
42,78,train,virtual,充电短路,0.05Ω充电短路_35.xlsx,virtual_0,0.05
42,79,train,virtual,充电短路,0.05Ω充电短路_36.xlsx,virtual_0,0.05
42,80,train,virtual,充电短路,0.05Ω充电短路_37.xlsx,virtual_0,0.05
42,81,train,virtual,充电短路,0.05Ω充电短路_38.xlsx,virtual_0,0.05
42,82,train,virtual,充电短路,0.05Ω充电短路_39.xlsx,virtual_0,0.05
42,83,train,virtual,充电短路,0.05Ω充电短路_4.xlsx,virtual_0,0.05
42,84,train,virtual,充电短路,0.05Ω充电短路_40.xlsx,virtual_0,0.05
42,85,train,virtual,充电短路,0.05Ω充电短路_41.xlsx,virtual_0,0.05
42,86,train,virtual,充电短路,0.05Ω充电短路_42.xlsx,virtual_0,0.05
42,87,train,virtual,充电短路,0.05Ω充电短路_43.xlsx,virtual_0,0.05
42,88,train,virtual,充电短路,0.05Ω充电短路_44.xlsx,virtual_0,0.05
42,89,train,virtual,充电短路,0.05Ω充电短路_45.xlsx,virtual_0,0.05
42,90,train,virtual,充电短路,0.05Ω充电短路_46.xlsx,virtual_0,0.05
42,91,train,virtual,充电短路,0.05Ω充电短路_47.xlsx,virtual_0,0.05
42,92,train,virtual,充电短路,0.05Ω充电短路_48.xlsx,virtual_0,0.05
42,93,train,virtual,充电短路,0.05Ω充电短路_49.xlsx,virtual_0,0.05
42,94,train,virtual,充电短路,0.05Ω充电短路_5.xlsx,virtual_0,0.05
42,95,train,virtual,充电短路,0.05Ω充电短路_50.xlsx,virtual_0,0.05
42,96,train,virtual,充电短路,0.05Ω充电短路_6.xlsx,virtual_0,0.05
42,97,train,virtual,充电短路,0.05Ω充电短路_7.xlsx,virtual_0,0.05
42,98,train,virtual,充电短路,0.05Ω充电短路_8.xlsx,virtual_0,0.05
42,99,train,virtual,充电短路,0.05Ω充电短路_9.xlsx,virtual_0,0.05
42,100,train,virtual,充电短路,0.1Ω充电短路_1.xlsx,virtual_0,0.1
42,101,train,virtual,充电短路,0.1Ω充电短路_10.xlsx,virtual_0,0.1
42,102,train,virtual,充电短路,0.1Ω充电短路_11.xlsx,virtual_0,0.1
42,103,train,virtual,充电短路,0.1Ω充电短路_12.xlsx,virtual_0,0.1
42,104,train,virtual,充电短路,0.1Ω充电短路_13.xlsx,virtual_0,0.1
42,105,train,virtual,充电短路,0.1Ω充电短路_14.xlsx,virtual_0,0.1
42,106,train,virtual,充电短路,0.1Ω充电短路_15.xlsx,virtual_0,0.1
42,107,train,virtual,充电短路,0.1Ω充电短路_16.xlsx,virtual_0,0.1
42,108,train,virtual,充电短路,0.1Ω充电短路_17.xlsx,virtual_0,0.1
42,109,train,virtual,充电短路,0.1Ω充电短路_18.xlsx,virtual_0,0.1
42,110,train,virtual,充电短路,0.1Ω充电短路_19.xlsx,virtual_0,0.1
42,111,train,virtual,充电短路,0.1Ω充电短路_2.xlsx,virtual_0,0.1
42,112,train,virtual,充电短路,0.1Ω充电短路_20.xlsx,virtual_0,0.1
42,113,train,virtual,充电短路,0.1Ω充电短路_21.xlsx,virtual_0,0.1
42,114,train,virtual,充电短路,0.1Ω充电短路_22.xlsx,virtual_0,0.1
42,115,train,virtual,充电短路,0.1Ω充电短路_23.xlsx,virtual_0,0.1
42,116,train,virtual,充电短路,0.1Ω充电短路_24.xlsx,virtual_0,0.1
42,117,train,virtual,充电短路,0.1Ω充电短路_25.xlsx,virtual_0,0.1
42,118,train,virtual,充电短路,0.1Ω充电短路_26.xlsx,virtual_0,0.1
42,119,train,virtual,充电短路,0.1Ω充电短路_27.xlsx,virtual_0,0.1
42,120,train,virtual,充电短路,0.1Ω充电短路_28.xlsx,virtual_0,0.1
42,121,train,virtual,充电短路,0.1Ω充电短路_29.xlsx,virtual_0,0.1
42,122,train,virtual,充电短路,0.1Ω充电短路_3.xlsx,virtual_0,0.1
42,123,train,virtual,充电短路,0.1Ω充电短路_30.xlsx,virtual_0,0.1
42,124,train,virtual,充电短路,0.1Ω充电短路_31.xlsx,virtual_0,0.1
42,125,train,virtual,充电短路,0.1Ω充电短路_32.xlsx,virtual_0,0.1
42,126,train,virtual,充电短路,0.1Ω充电短路_33.xlsx,virtual_0,0.1
42,127,train,virtual,充电短路,0.1Ω充电短路_34.xlsx,virtual_0,0.1
42,128,train,virtual,充电短路,0.1Ω充电短路_35.xlsx,virtual_0,0.1
42,129,train,virtual,充电短路,0.1Ω充电短路_36.xlsx,virtual_0,0.1
42,130,train,virtual,充电短路,0.1Ω充电短路_37.xlsx,virtual_0,0.1
42,131,train,virtual,充电短路,0.1Ω充电短路_38.xlsx,virtual_0,0.1
42,132,train,virtual,充电短路,0.1Ω充电短路_39.xlsx,virtual_0,0.1
42,133,train,virtual,充电短路,0.1Ω充电短路_4.xlsx,virtual_0,0.1
42,134,train,virtual,充电短路,0.1Ω充电短路_40.xlsx,virtual_0,0.1
42,135,train,virtual,充电短路,0.1Ω充电短路_41.xlsx,virtual_0,0.1
42,136,train,virtual,充电短路,0.1Ω充电短路_42.xlsx,virtual_0,0.1
42,137,train,virtual,充电短路,0.1Ω充电短路_43.xlsx,virtual_0,0.1
42,138,train,virtual,充电短路,0.1Ω充电短路_44.xlsx,virtual_0,0.1
42,139,train,virtual,充电短路,0.1Ω充电短路_45.xlsx,virtual_0,0.1
42,140,train,virtual,充电短路,0.1Ω充电短路_46.xlsx,virtual_0,0.1
42,141,train,virtual,充电短路,0.1Ω充电短路_47.xlsx,virtual_0,0.1
42,142,train,virtual,充电短路,0.1Ω充电短路_48.xlsx,virtual_0,0.1
42,143,train,virtual,充电短路,0.1Ω充电短路_49.xlsx,virtual_0,0.1
42,144,train,virtual,充电短路,0.1Ω充电短路_5.xlsx,virtual_0,0.1
42,145,train,virtual,充电短路,0.1Ω充电短路_50.xlsx,virtual_0,0.1
42,146,train,virtual,充电短路,0.1Ω充电短路_6.xlsx,virtual_0,0.1
42,147,train,virtual,充电短路,0.1Ω充电短路_7.xlsx,virtual_0,0.1
42,148,train,virtual,充电短路,0.1Ω充电短路_8.xlsx,virtual_0,0.1
42,149,train,virtual,充电短路,0.1Ω充电短路_9.xlsx,virtual_0,0.1
42,150,train,virtual,充电短路,0.2Ω充电短路_1.xlsx,virtual_0,0.2
42,151,train,virtual,充电短路,0.2Ω充电短路_10.xlsx,virtual_0,0.2
42,152,train,virtual,充电短路,0.2Ω充电短路_11.xlsx,virtual_0,0.2
42,153,train,virtual,充电短路,0.2Ω充电短路_12.xlsx,virtual_0,0.2
42,154,train,virtual,充电短路,0.2Ω充电短路_13.xlsx,virtual_0,0.2
42,155,train,virtual,充电短路,0.2Ω充电短路_14.xlsx,virtual_0,0.2
42,156,train,virtual,充电短路,0.2Ω充电短路_15.xlsx,virtual_0,0.2
42,157,train,virtual,充电短路,0.2Ω充电短路_16.xlsx,virtual_0,0.2
42,158,train,virtual,充电短路,0.2Ω充电短路_17.xlsx,virtual_0,0.2
42,159,train,virtual,充电短路,0.2Ω充电短路_18.xlsx,virtual_0,0.2
42,160,train,virtual,充电短路,0.2Ω充电短路_19.xlsx,virtual_0,0.2
42,161,train,virtual,充电短路,0.2Ω充电短路_2.xlsx,virtual_0,0.2
42,162,train,virtual,充电短路,0.2Ω充电短路_20.xlsx,virtual_0,0.2
42,163,train,virtual,充电短路,0.2Ω充电短路_21.xlsx,virtual_0,0.2
42,164,train,virtual,充电短路,0.2Ω充电短路_22.xlsx,virtual_0,0.2
42,165,train,virtual,充电短路,0.2Ω充电短路_23.xlsx,virtual_0,0.2
42,166,train,virtual,充电短路,0.2Ω充电短路_24.xlsx,virtual_0,0.2
42,167,train,virtual,充电短路,0.2Ω充电短路_25.xlsx,virtual_0,0.2
42,168,train,virtual,充电短路,0.2Ω充电短路_26.xlsx,virtual_0,0.2
42,169,train,virtual,充电短路,0.2Ω充电短路_27.xlsx,virtual_0,0.2
42,170,train,virtual,充电短路,0.2Ω充电短路_28.xlsx,virtual_0,0.2
42,171,train,virtual,充电短路,0.2Ω充电短路_29.xlsx,virtual_0,0.2
42,172,train,virtual,充电短路,0.2Ω充电短路_3.xlsx,virtual_0,0.2
42,173,train,virtual,充电短路,0.2Ω充电短路_30.xlsx,virtual_0,0.2
42,174,train,virtual,充电短路,0.2Ω充电短路_31.xlsx,virtual_0,0.2
42,175,train,virtual,充电短路,0.2Ω充电短路_32.xlsx,virtual_0,0.2
42,176,train,virtual,充电短路,0.2Ω充电短路_33.xlsx,virtual_0,0.2
42,177,train,virtual,充电短路,0.2Ω充电短路_34.xlsx,virtual_0,0.2
42,178,train,virtual,充电短路,0.2Ω充电短路_35.xlsx,virtual_0,0.2
42,179,train,virtual,充电短路,0.2Ω充电短路_36.xlsx,virtual_0,0.2
42,180,train,virtual,充电短路,0.2Ω充电短路_37.xlsx,virtual_0,0.2
42,181,train,virtual,充电短路,0.2Ω充电短路_38.xlsx,virtual_0,0.2
42,182,train,virtual,充电短路,0.2Ω充电短路_39.xlsx,virtual_0,0.2
42,183,train,virtual,充电短路,0.2Ω充电短路_4.xlsx,virtual_0,0.2
42,184,train,virtual,充电短路,0.2Ω充电短路_40.xlsx,virtual_0,0.2
42,185,train,virtual,充电短路,0.2Ω充电短路_41.xlsx,virtual_0,0.2
42,186,train,virtual,充电短路,0.2Ω充电短路_42.xlsx,virtual_0,0.2
42,187,train,virtual,充电短路,0.2Ω充电短路_43.xlsx,virtual_0,0.2
42,188,train,virtual,充电短路,0.2Ω充电短路_44.xlsx,virtual_0,0.2
42,189,train,virtual,充电短路,0.2Ω充电短路_45.xlsx,virtual_0,0.2
42,190,train,virtual,充电短路,0.2Ω充电短路_46.xlsx,virtual_0,0.2
42,191,train,virtual,充电短路,0.2Ω充电短路_47.xlsx,virtual_0,0.2
42,192,train,virtual,充电短路,0.2Ω充电短路_48.xlsx,virtual_0,0.2
42,193,train,virtual,充电短路,0.2Ω充电短路_49.xlsx,virtual_0,0.2
42,194,train,virtual,充电短路,0.2Ω充电短路_5.xlsx,virtual_0,0.2
42,195,train,virtual,充电短路,0.2Ω充电短路_50.xlsx,virtual_0,0.2
42,196,train,virtual,充电短路,0.2Ω充电短路_6.xlsx,virtual_0,0.2
42,197,train,virtual,充电短路,0.2Ω充电短路_7.xlsx,virtual_0,0.2
42,198,train,virtual,充电短路,0.2Ω充电短路_8.xlsx,virtual_0,0.2
42,199,train,virtual,充电短路,0.2Ω充电短路_9.xlsx,virtual_0,0.2
42,200,train,virtual,充电短路,0.5Ω充电短路_1.xlsx,virtual_0,0.5
42,201,train,virtual,充电短路,0.5Ω充电短路_10.xlsx,virtual_0,0.5
42,202,train,virtual,充电短路,0.5Ω充电短路_11.xlsx,virtual_0,0.5
42,203,train,virtual,充电短路,0.5Ω充电短路_12.xlsx,virtual_0,0.5
42,204,train,virtual,充电短路,0.5Ω充电短路_13.xlsx,virtual_0,0.5
42,205,train,virtual,充电短路,0.5Ω充电短路_14.xlsx,virtual_0,0.5
42,206,train,virtual,充电短路,0.5Ω充电短路_15.xlsx,virtual_0,0.5
42,207,train,virtual,充电短路,0.5Ω充电短路_16.xlsx,virtual_0,0.5
42,208,train,virtual,充电短路,0.5Ω充电短路_17.xlsx,virtual_0,0.5
42,209,train,virtual,充电短路,0.5Ω充电短路_18.xlsx,virtual_0,0.5
42,210,train,virtual,充电短路,0.5Ω充电短路_19.xlsx,virtual_0,0.5
42,211,train,virtual,充电短路,0.5Ω充电短路_2.xlsx,virtual_0,0.5
42,212,train,virtual,充电短路,0.5Ω充电短路_20.xlsx,virtual_0,0.5
42,213,train,virtual,充电短路,0.5Ω充电短路_21.xlsx,virtual_0,0.5
42,214,train,virtual,充电短路,0.5Ω充电短路_22.xlsx,virtual_0,0.5
42,215,train,virtual,充电短路,0.5Ω充电短路_23.xlsx,virtual_0,0.5
42,216,train,virtual,充电短路,0.5Ω充电短路_24.xlsx,virtual_0,0.5
42,217,train,virtual,充电短路,0.5Ω充电短路_25.xlsx,virtual_0,0.5
42,218,train,virtual,充电短路,0.5Ω充电短路_26.xlsx,virtual_0,0.5
42,219,train,virtual,充电短路,0.5Ω充电短路_27.xlsx,virtual_0,0.5
42,220,train,virtual,充电短路,0.5Ω充电短路_28.xlsx,virtual_0,0.5
42,221,train,virtual,充电短路,0.5Ω充电短路_29.xlsx,virtual_0,0.5
42,222,train,virtual,充电短路,0.5Ω充电短路_3.xlsx,virtual_0,0.5
42,223,train,virtual,充电短路,0.5Ω充电短路_30.xlsx,virtual_0,0.5
42,224,train,virtual,充电短路,0.5Ω充电短路_31.xlsx,virtual_0,0.5
42,225,train,virtual,充电短路,0.5Ω充电短路_32.xlsx,virtual_0,0.5
42,226,train,virtual,充电短路,0.5Ω充电短路_33.xlsx,virtual_0,0.5
42,227,train,virtual,充电短路,0.5Ω充电短路_34.xlsx,virtual_0,0.5
42,228,train,virtual,充电短路,0.5Ω充电短路_35.xlsx,virtual_0,0.5
42,229,train,virtual,充电短路,0.5Ω充电短路_36.xlsx,virtual_0,0.5
42,230,train,virtual,充电短路,0.5Ω充电短路_37.xlsx,virtual_0,0.5
42,231,train,virtual,充电短路,0.5Ω充电短路_38.xlsx,virtual_0,0.5
42,232,train,virtual,充电短路,0.5Ω充电短路_39.xlsx,virtual_0,0.5
42,233,train,virtual,充电短路,0.5Ω充电短路_4.xlsx,virtual_0,0.5
42,234,train,virtual,充电短路,0.5Ω充电短路_40.xlsx,virtual_0,0.5
42,235,train,virtual,充电短路,0.5Ω充电短路_41.xlsx,virtual_0,0.5
42,236,train,virtual,充电短路,0.5Ω充电短路_42.xlsx,virtual_0,0.5
42,237,train,virtual,充电短路,0.5Ω充电短路_43.xlsx,virtual_0,0.5
42,238,train,virtual,充电短路,0.5Ω充电短路_44.xlsx,virtual_0,0.5
42,239,train,virtual,充电短路,0.5Ω充电短路_45.xlsx,virtual_0,0.5
42,240,train,virtual,充电短路,0.5Ω充电短路_46.xlsx,virtual_0,0.5
42,241,train,virtual,充电短路,0.5Ω充电短路_47.xlsx,virtual_0,0.5
42,242,train,virtual,充电短路,0.5Ω充电短路_48.xlsx,virtual_0,0.5
42,243,train,virtual,充电短路,0.5Ω充电短路_49.xlsx,virtual_0,0.5
42,244,train,virtual,充电短路,0.5Ω充电短路_5.xlsx,virtual_0,0.5
42,245,train,virtual,充电短路,0.5Ω充电短路_50.xlsx,virtual_0,0.5
42,246,train,virtual,充电短路,0.5Ω充电短路_6.xlsx,virtual_0,0.5
42,247,train,virtual,充电短路,0.5Ω充电短路_7.xlsx,virtual_0,0.5
42,248,train,virtual,充电短路,0.5Ω充电短路_8.xlsx,virtual_0,0.5
42,249,train,virtual,充电短路,0.5Ω充电短路_9.xlsx,virtual_0,0.5
42,250,train,virtual,充电短路,10Ω充电短路_1.xlsx,virtual_1,10.0
42,251,train,virtual,充电短路,10Ω充电短路_10.xlsx,virtual_1,10.0
42,252,train,virtual,充电短路,10Ω充电短路_11.xlsx,virtual_1,10.0
42,253,train,virtual,充电短路,10Ω充电短路_12.xlsx,virtual_1,10.0
42,254,train,virtual,充电短路,10Ω充电短路_13.xlsx,virtual_1,10.0
42,255,train,virtual,充电短路,10Ω充电短路_14.xlsx,virtual_1,10.0
42,256,train,virtual,充电短路,10Ω充电短路_15.xlsx,virtual_1,10.0
42,257,train,virtual,充电短路,10Ω充电短路_16.xlsx,virtual_1,10.0
42,258,train,virtual,充电短路,10Ω充电短路_17.xlsx,virtual_1,10.0
42,259,train,virtual,充电短路,10Ω充电短路_18.xlsx,virtual_1,10.0
42,260,train,virtual,充电短路,10Ω充电短路_19.xlsx,virtual_1,10.0
42,261,train,virtual,充电短路,10Ω充电短路_2.xlsx,virtual_1,10.0
42,262,train,virtual,充电短路,10Ω充电短路_20.xlsx,virtual_1,10.0
42,263,train,virtual,充电短路,10Ω充电短路_21.xlsx,virtual_1,10.0
42,264,train,virtual,充电短路,10Ω充电短路_22.xlsx,virtual_1,10.0
42,265,train,virtual,充电短路,10Ω充电短路_23.xlsx,virtual_1,10.0
42,266,train,virtual,充电短路,10Ω充电短路_24.xlsx,virtual_1,10.0
42,267,train,virtual,充电短路,10Ω充电短路_25.xlsx,virtual_1,10.0
42,268,train,virtual,充电短路,10Ω充电短路_26.xlsx,virtual_1,10.0
42,269,train,virtual,充电短路,10Ω充电短路_27.xlsx,virtual_1,10.0
42,270,train,virtual,充电短路,10Ω充电短路_28.xlsx,virtual_1,10.0
42,271,train,virtual,充电短路,10Ω充电短路_29.xlsx,virtual_1,10.0
42,272,train,virtual,充电短路,10Ω充电短路_3.xlsx,virtual_1,10.0
42,273,train,virtual,充电短路,10Ω充电短路_30.xlsx,virtual_1,10.0
42,274,train,virtual,充电短路,10Ω充电短路_31.xlsx,virtual_1,10.0
42,275,train,virtual,充电短路,10Ω充电短路_32.xlsx,virtual_1,10.0
42,276,train,virtual,充电短路,10Ω充电短路_33.xlsx,virtual_1,10.0
42,277,train,virtual,充电短路,10Ω充电短路_34.xlsx,virtual_1,10.0
42,278,train,virtual,充电短路,10Ω充电短路_35.xlsx,virtual_1,10.0
42,279,train,virtual,充电短路,10Ω充电短路_36.xlsx,virtual_1,10.0
42,280,train,virtual,充电短路,10Ω充电短路_37.xlsx,virtual_1,10.0
42,281,train,virtual,充电短路,10Ω充电短路_38.xlsx,virtual_1,10.0
42,282,train,virtual,充电短路,10Ω充电短路_39.xlsx,virtual_1,10.0
42,283,train,virtual,充电短路,10Ω充电短路_4.xlsx,virtual_1,10.0
42,284,train,virtual,充电短路,10Ω充电短路_40.xlsx,virtual_1,10.0
42,285,train,virtual,充电短路,10Ω充电短路_41.xlsx,virtual_1,10.0
42,286,train,virtual,充电短路,10Ω充电短路_42.xlsx,virtual_1,10.0
42,287,train,virtual,充电短路,10Ω充电短路_43.xlsx,virtual_1,10.0
42,288,train,virtual,充电短路,10Ω充电短路_44.xlsx,virtual_1,10.0
42,289,train,virtual,充电短路,10Ω充电短路_45.xlsx,virtual_1,10.0
42,290,train,virtual,充电短路,10Ω充电短路_46.xlsx,virtual_1,10.0
42,291,train,virtual,充电短路,10Ω充电短路_47.xlsx,virtual_1,10.0
42,292,train,virtual,充电短路,10Ω充电短路_48.xlsx,virtual_1,10.0
42,293,train,virtual,充电短路,10Ω充电短路_49.xlsx,virtual_1,10.0
42,294,train,virtual,充电短路,10Ω充电短路_5.xlsx,virtual_1,10.0
42,295,train,virtual,充电短路,10Ω充电短路_50.xlsx,virtual_1,10.0
42,296,train,virtual,充电短路,10Ω充电短路_6.xlsx,virtual_1,10.0
42,297,train,virtual,充电短路,10Ω充电短路_7.xlsx,virtual_1,10.0
42,298,train,virtual,充电短路,10Ω充电短路_8.xlsx,virtual_1,10.0
42,299,train,virtual,充电短路,10Ω充电短路_9.xlsx,virtual_1,10.0
42,300,train,virtual,充电短路,1Ω充电短路_1.xlsx,virtual_1Ω充电短路_1,1.0
42,301,train,virtual,充电短路,1Ω充电短路_10.xlsx,virtual_1Ω充电短路_10,1.0
42,302,train,virtual,充电短路,1Ω充电短路_11.xlsx,virtual_1Ω充电短路_11,1.0
42,303,train,virtual,充电短路,1Ω充电短路_12.xlsx,virtual_1Ω充电短路_12,1.0
42,304,val,virtual,充电短路,1Ω充电短路_13.xlsx,virtual_1Ω充电短路_13,1.0
42,305,train,virtual,充电短路,1Ω充电短路_14.xlsx,virtual_1Ω充电短路_14,1.0
42,306,val,virtual,充电短路,1Ω充电短路_15.xlsx,virtual_1Ω充电短路_15,1.0
42,307,train,virtual,充电短路,1Ω充电短路_16.xlsx,virtual_1Ω充电短路_16,1.0
42,308,train,virtual,充电短路,1Ω充电短路_17.xlsx,virtual_1Ω充电短路_17,1.0
42,309,train,virtual,充电短路,1Ω充电短路_18.xlsx,virtual_1Ω充电短路_18,1.0
42,310,val,virtual,充电短路,1Ω充电短路_19.xlsx,virtual_1Ω充电短路_19,1.0
42,311,train,virtual,充电短路,1Ω充电短路_2.xlsx,virtual_1Ω充电短路_2,1.0
42,312,train,virtual,充电短路,1Ω充电短路_20.xlsx,virtual_1Ω充电短路_20,1.0
42,313,train,virtual,充电短路,1Ω充电短路_21.xlsx,virtual_1Ω充电短路_21,1.0
42,314,val,virtual,充电短路,1Ω充电短路_22.xlsx,virtual_1Ω充电短路_22,1.0
42,315,train,virtual,充电短路,1Ω充电短路_23.xlsx,virtual_1Ω充电短路_23,1.0
42,316,train,virtual,充电短路,1Ω充电短路_24.xlsx,virtual_1Ω充电短路_24,1.0
42,317,train,virtual,充电短路,1Ω充电短路_25.xlsx,virtual_1Ω充电短路_25,1.0
42,318,train,virtual,充电短路,1Ω充电短路_26.xlsx,virtual_1Ω充电短路_26,1.0
42,319,train,virtual,充电短路,1Ω充电短路_27.xlsx,virtual_1Ω充电短路_27,1.0
42,320,train,virtual,充电短路,1Ω充电短路_28.xlsx,virtual_1Ω充电短路_28,1.0
42,321,train,virtual,充电短路,1Ω充电短路_29.xlsx,virtual_1Ω充电短路_29,1.0
42,322,train,virtual,充电短路,1Ω充电短路_3.xlsx,virtual_1Ω充电短路_3,1.0
42,323,train,virtual,充电短路,1Ω充电短路_30.xlsx,virtual_1Ω充电短路_30,1.0
42,324,train,virtual,充电短路,1Ω充电短路_31.xlsx,virtual_1Ω充电短路_31,1.0
42,325,train,virtual,充电短路,1Ω充电短路_32.xlsx,virtual_1Ω充电短路_32,1.0
42,326,train,virtual,充电短路,1Ω充电短路_33.xlsx,virtual_1Ω充电短路_33,1.0
42,327,train,virtual,充电短路,1Ω充电短路_34.xlsx,virtual_1Ω充电短路_34,1.0
42,328,train,virtual,充电短路,1Ω充电短路_35.xlsx,virtual_1Ω充电短路_35,1.0
42,329,train,virtual,充电短路,1Ω充电短路_36.xlsx,virtual_1Ω充电短路_36,1.0
42,330,train,virtual,充电短路,1Ω充电短路_37.xlsx,virtual_1Ω充电短路_37,1.0
42,331,train,virtual,充电短路,1Ω充电短路_38.xlsx,virtual_1Ω充电短路_38,1.0
42,332,train,virtual,充电短路,1Ω充电短路_39.xlsx,virtual_1Ω充电短路_39,1.0
42,333,train,virtual,充电短路,1Ω充电短路_4.xlsx,virtual_1Ω充电短路_4,1.0
42,334,train,virtual,充电短路,1Ω充电短路_40.xlsx,virtual_1Ω充电短路_40,1.0
42,335,train,virtual,充电短路,1Ω充电短路_41.xlsx,virtual_1Ω充电短路_41,1.0
42,336,train,virtual,充电短路,1Ω充电短路_42.xlsx,virtual_1Ω充电短路_42,1.0
42,337,val,virtual,充电短路,1Ω充电短路_43.xlsx,virtual_1Ω充电短路_43,1.0
42,338,train,virtual,充电短路,1Ω充电短路_44.xlsx,virtual_1Ω充电短路_44,1.0
42,339,val,virtual,充电短路,1Ω充电短路_45.xlsx,virtual_1Ω充电短路_45,1.0
42,340,train,virtual,充电短路,1Ω充电短路_46.xlsx,virtual_1Ω充电短路_46,1.0
42,341,train,virtual,充电短路,1Ω充电短路_47.xlsx,virtual_1Ω充电短路_47,1.0
42,342,train,virtual,充电短路,1Ω充电短路_48.xlsx,virtual_1Ω充电短路_48,1.0
42,343,val,virtual,充电短路,1Ω充电短路_49.xlsx,virtual_1Ω充电短路_49,1.0
42,344,train,virtual,充电短路,1Ω充电短路_5.xlsx,virtual_1Ω充电短路_5,1.0
42,345,train,virtual,充电短路,1Ω充电短路_50.xlsx,virtual_1Ω充电短路_50,1.0
42,346,train,virtual,充电短路,1Ω充电短路_6.xlsx,virtual_1Ω充电短路_6,1.0
42,347,train,virtual,充电短路,1Ω充电短路_7.xlsx,virtual_1Ω充电短路_7,1.0
42,348,train,virtual,充电短路,1Ω充电短路_8.xlsx,virtual_1Ω充电短路_8,1.0
42,349,train,virtual,充电短路,1Ω充电短路_9.xlsx,virtual_1Ω充电短路_9,1.0
42,350,train,virtual,充电短路,5Ω充电短路_1.xlsx,virtual_5Ω充电短路_1,5.0
42,351,train,virtual,充电短路,5Ω充电短路_10.xlsx,virtual_5Ω充电短路_10,5.0
42,352,train,virtual,充电短路,5Ω充电短路_11.xlsx,virtual_5Ω充电短路_11,5.0
42,353,train,virtual,充电短路,5Ω充电短路_12.xlsx,virtual_5Ω充电短路_12,5.0
42,354,train,virtual,充电短路,5Ω充电短路_13.xlsx,virtual_5Ω充电短路_13,5.0
42,355,val,virtual,充电短路,5Ω充电短路_14.xlsx,virtual_5Ω充电短路_14,5.0
42,356,train,virtual,充电短路,5Ω充电短路_15.xlsx,virtual_5Ω充电短路_15,5.0
42,357,train,virtual,充电短路,5Ω充电短路_16.xlsx,virtual_5Ω充电短路_16,5.0
42,358,train,virtual,充电短路,5Ω充电短路_17.xlsx,virtual_5Ω充电短路_17,5.0
42,359,train,virtual,充电短路,5Ω充电短路_18.xlsx,virtual_5Ω充电短路_18,5.0
42,360,train,virtual,充电短路,5Ω充电短路_19.xlsx,virtual_5Ω充电短路_19,5.0
42,361,train,virtual,充电短路,5Ω充电短路_2.xlsx,virtual_5Ω充电短路_2,5.0
42,362,train,virtual,充电短路,5Ω充电短路_20.xlsx,virtual_5Ω充电短路_20,5.0
42,363,train,virtual,充电短路,5Ω充电短路_21.xlsx,virtual_5Ω充电短路_21,5.0
42,364,train,virtual,充电短路,5Ω充电短路_22.xlsx,virtual_5Ω充电短路_22,5.0
42,365,train,virtual,充电短路,5Ω充电短路_23.xlsx,virtual_5Ω充电短路_23,5.0
42,366,train,virtual,充电短路,5Ω充电短路_24.xlsx,virtual_5Ω充电短路_24,5.0
42,367,train,virtual,充电短路,5Ω充电短路_25.xlsx,virtual_5Ω充电短路_25,5.0
42,368,train,virtual,充电短路,5Ω充电短路_26.xlsx,virtual_5Ω充电短路_26,5.0
42,369,train,virtual,充电短路,5Ω充电短路_27.xlsx,virtual_5Ω充电短路_27,5.0
42,370,train,virtual,充电短路,5Ω充电短路_28.xlsx,virtual_5Ω充电短路_28,5.0
42,371,val,virtual,充电短路,5Ω充电短路_29.xlsx,virtual_5Ω充电短路_29,5.0
42,372,train,virtual,充电短路,5Ω充电短路_3.xlsx,virtual_5Ω充电短路_3,5.0
42,373,train,virtual,充电短路,5Ω充电短路_30.xlsx,virtual_5Ω充电短路_30,5.0
42,374,train,virtual,充电短路,5Ω充电短路_31.xlsx,virtual_5Ω充电短路_31,5.0
42,375,train,virtual,充电短路,5Ω充电短路_32.xlsx,virtual_5Ω充电短路_32,5.0
42,376,train,virtual,充电短路,5Ω充电短路_33.xlsx,virtual_5Ω充电短路_33,5.0
42,377,train,virtual,充电短路,5Ω充电短路_34.xlsx,virtual_5Ω充电短路_34,5.0
42,378,train,virtual,充电短路,5Ω充电短路_35.xlsx,virtual_5Ω充电短路_35,5.0
42,379,train,virtual,充电短路,5Ω充电短路_36.xlsx,virtual_5Ω充电短路_36,5.0
42,380,train,virtual,充电短路,5Ω充电短路_37.xlsx,virtual_5Ω充电短路_37,5.0
42,381,train,virtual,充电短路,5Ω充电短路_38.xlsx,virtual_5Ω充电短路_38,5.0
42,382,train,virtual,充电短路,5Ω充电短路_39.xlsx,virtual_5Ω充电短路_39,5.0
42,383,train,virtual,充电短路,5Ω充电短路_4.xlsx,virtual_5Ω充电短路_4,5.0
42,384,train,virtual,充电短路,5Ω充电短路_40.xlsx,virtual_5Ω充电短路_40,5.0
42,385,train,virtual,充电短路,5Ω充电短路_41.xlsx,virtual_5Ω充电短路_41,5.0
42,386,train,virtual,充电短路,5Ω充电短路_42.xlsx,virtual_5Ω充电短路_42,5.0
42,387,train,virtual,充电短路,5Ω充电短路_43.xlsx,virtual_5Ω充电短路_43,5.0
42,388,train,virtual,充电短路,5Ω充电短路_44.xlsx,virtual_5Ω充电短路_44,5.0
42,389,train,virtual,充电短路,5Ω充电短路_45.xlsx,virtual_5Ω充电短路_45,5.0
42,390,train,virtual,充电短路,5Ω充电短路_46.xlsx,virtual_5Ω充电短路_46,5.0
42,391,train,virtual,充电短路,5Ω充电短路_47.xlsx,virtual_5Ω充电短路_47,5.0
42,392,train,virtual,充电短路,5Ω充电短路_48.xlsx,virtual_5Ω充电短路_48,5.0
42,393,train,virtual,充电短路,5Ω充电短路_49.xlsx,virtual_5Ω充电短路_49,5.0
42,394,train,virtual,充电短路,5Ω充电短路_5.xlsx,virtual_5Ω充电短路_5,5.0
42,395,train,virtual,充电短路,5Ω充电短路_50.xlsx,virtual_5Ω充电短路_50,5.0
42,396,train,virtual,充电短路,5Ω充电短路_6.xlsx,virtual_5Ω充电短路_6,5.0
42,397,train,virtual,充电短路,5Ω充电短路_7.xlsx,virtual_5Ω充电短路_7,5.0
42,398,train,virtual,充电短路,5Ω充电短路_8.xlsx,virtual_5Ω充电短路_8,5.0
42,399,val,virtual,充电短路,5Ω充电短路_9.xlsx,virtual_5Ω充电短路_9,5.0
42,400,train,virtual,GZ,0.01Ω_1.xlsx,virtual_0,0.01
42,401,train,virtual,GZ,0.01Ω_10.xlsx,virtual_0,0.01
42,402,train,virtual,GZ,0.01Ω_11.xlsx,virtual_0,0.01
42,403,train,virtual,GZ,0.01Ω_12.xlsx,virtual_0,0.01
42,404,train,virtual,GZ,0.01Ω_13.xlsx,virtual_0,0.01
42,405,train,virtual,GZ,0.01Ω_14.xlsx,virtual_0,0.01
42,406,train,virtual,GZ,0.01Ω_15.xlsx,virtual_0,0.01
42,407,train,virtual,GZ,0.01Ω_16.xlsx,virtual_0,0.01
42,408,train,virtual,GZ,0.01Ω_17.xlsx,virtual_0,0.01
42,409,train,virtual,GZ,0.01Ω_18.xlsx,virtual_0,0.01
42,410,train,virtual,GZ,0.01Ω_19.xlsx,virtual_0,0.01
42,411,train,virtual,GZ,0.01Ω_2.xlsx,virtual_0,0.01
42,412,train,virtual,GZ,0.01Ω_20.xlsx,virtual_0,0.01
42,413,train,virtual,GZ,0.01Ω_21.xlsx,virtual_0,0.01
42,414,train,virtual,GZ,0.01Ω_22.xlsx,virtual_0,0.01
42,415,train,virtual,GZ,0.01Ω_23.xlsx,virtual_0,0.01
42,416,train,virtual,GZ,0.01Ω_24.xlsx,virtual_0,0.01
42,417,train,virtual,GZ,0.01Ω_25.xlsx,virtual_0,0.01
42,418,train,virtual,GZ,0.01Ω_26.xlsx,virtual_0,0.01
42,419,train,virtual,GZ,0.01Ω_27.xlsx,virtual_0,0.01
42,420,train,virtual,GZ,0.01Ω_28.xlsx,virtual_0,0.01
42,421,train,virtual,GZ,0.01Ω_29.xlsx,virtual_0,0.01
42,422,train,virtual,GZ,0.01Ω_3.xlsx,virtual_0,0.01
42,423,train,virtual,GZ,0.01Ω_30.xlsx,virtual_0,0.01
42,424,train,virtual,GZ,0.01Ω_31.xlsx,virtual_0,0.01
42,425,train,virtual,GZ,0.01Ω_32.xlsx,virtual_0,0.01
42,426,train,virtual,GZ,0.01Ω_33.xlsx,virtual_0,0.01
42,427,train,virtual,GZ,0.01Ω_34.xlsx,virtual_0,0.01
42,428,train,virtual,GZ,0.01Ω_35.xlsx,virtual_0,0.01
42,429,train,virtual,GZ,0.01Ω_36.xlsx,virtual_0,0.01
42,430,train,virtual,GZ,0.01Ω_37.xlsx,virtual_0,0.01
42,431,train,virtual,GZ,0.01Ω_38.xlsx,virtual_0,0.01
42,432,train,virtual,GZ,0.01Ω_39.xlsx,virtual_0,0.01
42,433,train,virtual,GZ,0.01Ω_4.xlsx,virtual_0,0.01
42,434,train,virtual,GZ,0.01Ω_40.xlsx,virtual_0,0.01
42,435,train,virtual,GZ,0.01Ω_41.xlsx,virtual_0,0.01
42,436,train,virtual,GZ,0.01Ω_42.xlsx,virtual_0,0.01
42,437,train,virtual,GZ,0.01Ω_43.xlsx,virtual_0,0.01
42,438,train,virtual,GZ,0.01Ω_44.xlsx,virtual_0,0.01
42,439,train,virtual,GZ,0.01Ω_45.xlsx,virtual_0,0.01
42,440,train,virtual,GZ,0.01Ω_46.xlsx,virtual_0,0.01
42,441,train,virtual,GZ,0.01Ω_47.xlsx,virtual_0,0.01
42,442,train,virtual,GZ,0.01Ω_48.xlsx,virtual_0,0.01
42,443,train,virtual,GZ,0.01Ω_49.xlsx,virtual_0,0.01
42,444,train,virtual,GZ,0.01Ω_5.xlsx,virtual_0,0.01
42,445,train,virtual,GZ,0.01Ω_50.xlsx,virtual_0,0.01
42,446,train,virtual,GZ,0.01Ω_6.xlsx,virtual_0,0.01
42,447,train,virtual,GZ,0.01Ω_7.xlsx,virtual_0,0.01
42,448,train,virtual,GZ,0.01Ω_8.xlsx,virtual_0,0.01
42,449,train,virtual,GZ,0.01Ω_9.xlsx,virtual_0,0.01
42,450,train,virtual,GZ,0.1Ω_1.xlsx,virtual_0,0.1
42,451,train,virtual,GZ,0.1Ω_10.xlsx,virtual_0,0.1
42,452,train,virtual,GZ,0.1Ω_11.xlsx,virtual_0,0.1
42,453,train,virtual,GZ,0.1Ω_12.xlsx,virtual_0,0.1
42,454,train,virtual,GZ,0.1Ω_13.xlsx,virtual_0,0.1
42,455,train,virtual,GZ,0.1Ω_14.xlsx,virtual_0,0.1
42,456,train,virtual,GZ,0.1Ω_15.xlsx,virtual_0,0.1
42,457,train,virtual,GZ,0.1Ω_16.xlsx,virtual_0,0.1
42,458,train,virtual,GZ,0.1Ω_17.xlsx,virtual_0,0.1
42,459,train,virtual,GZ,0.1Ω_18.xlsx,virtual_0,0.1
42,460,train,virtual,GZ,0.1Ω_19.xlsx,virtual_0,0.1
42,461,train,virtual,GZ,0.1Ω_2.xlsx,virtual_0,0.1
42,462,train,virtual,GZ,0.1Ω_20.xlsx,virtual_0,0.1
42,463,train,virtual,GZ,0.1Ω_21.xlsx,virtual_0,0.1
42,464,train,virtual,GZ,0.1Ω_22.xlsx,virtual_0,0.1
42,465,train,virtual,GZ,0.1Ω_23.xlsx,virtual_0,0.1
42,466,train,virtual,GZ,0.1Ω_24.xlsx,virtual_0,0.1
42,467,train,virtual,GZ,0.1Ω_25.xlsx,virtual_0,0.1
42,468,train,virtual,GZ,0.1Ω_26.xlsx,virtual_0,0.1
42,469,train,virtual,GZ,0.1Ω_27.xlsx,virtual_0,0.1
42,470,train,virtual,GZ,0.1Ω_28.xlsx,virtual_0,0.1
42,471,train,virtual,GZ,0.1Ω_29.xlsx,virtual_0,0.1
42,472,train,virtual,GZ,0.1Ω_3.xlsx,virtual_0,0.1
42,473,train,virtual,GZ,0.1Ω_30.xlsx,virtual_0,0.1
42,474,train,virtual,GZ,0.1Ω_31.xlsx,virtual_0,0.1
42,475,train,virtual,GZ,0.1Ω_32.xlsx,virtual_0,0.1
42,476,train,virtual,GZ,0.1Ω_33.xlsx,virtual_0,0.1
42,477,train,virtual,GZ,0.1Ω_34.xlsx,virtual_0,0.1
42,478,train,virtual,GZ,0.1Ω_35.xlsx,virtual_0,0.1
42,479,train,virtual,GZ,0.1Ω_36.xlsx,virtual_0,0.1
42,480,train,virtual,GZ,0.1Ω_37.xlsx,virtual_0,0.1
42,481,train,virtual,GZ,0.1Ω_38.xlsx,virtual_0,0.1
42,482,train,virtual,GZ,0.1Ω_39.xlsx,virtual_0,0.1
42,483,train,virtual,GZ,0.1Ω_4.xlsx,virtual_0,0.1
42,484,train,virtual,GZ,0.1Ω_40.xlsx,virtual_0,0.1
42,485,train,virtual,GZ,0.1Ω_41.xlsx,virtual_0,0.1
42,486,train,virtual,GZ,0.1Ω_42.xlsx,virtual_0,0.1
42,487,train,virtual,GZ,0.1Ω_43.xlsx,virtual_0,0.1
42,488,train,virtual,GZ,0.1Ω_44.xlsx,virtual_0,0.1
42,489,train,virtual,GZ,0.1Ω_45.xlsx,virtual_0,0.1
42,490,train,virtual,GZ,0.1Ω_46.xlsx,virtual_0,0.1
42,491,train,virtual,GZ,0.1Ω_47.xlsx,virtual_0,0.1
42,492,train,virtual,GZ,0.1Ω_48.xlsx,virtual_0,0.1
42,493,train,virtual,GZ,0.1Ω_49.xlsx,virtual_0,0.1
42,494,train,virtual,GZ,0.1Ω_5.xlsx,virtual_0,0.1
42,495,train,virtual,GZ,0.1Ω_50.xlsx,virtual_0,0.1
42,496,train,virtual,GZ,0.1Ω_6.xlsx,virtual_0,0.1
42,497,train,virtual,GZ,0.1Ω_7.xlsx,virtual_0,0.1
42,498,train,virtual,GZ,0.1Ω_8.xlsx,virtual_0,0.1
42,499,train,virtual,GZ,0.1Ω_9.xlsx,virtual_0,0.1
42,500,train,virtual,GZ,10Ω_1.xlsx,virtual_1,10.0
42,501,train,virtual,GZ,10Ω_10.xlsx,virtual_1,10.0
42,502,train,virtual,GZ,10Ω_11.xlsx,virtual_1,10.0
42,503,train,virtual,GZ,10Ω_12.xlsx,virtual_1,10.0
42,504,train,virtual,GZ,10Ω_13.xlsx,virtual_1,10.0
42,505,train,virtual,GZ,10Ω_14.xlsx,virtual_1,10.0
42,506,train,virtual,GZ,10Ω_15.xlsx,virtual_1,10.0
42,507,train,virtual,GZ,10Ω_16.xlsx,virtual_1,10.0
42,508,train,virtual,GZ,10Ω_17.xlsx,virtual_1,10.0
42,509,train,virtual,GZ,10Ω_18.xlsx,virtual_1,10.0
42,510,train,virtual,GZ,10Ω_19.xlsx,virtual_1,10.0
42,511,train,virtual,GZ,10Ω_2.xlsx,virtual_1,10.0
42,512,train,virtual,GZ,10Ω_20.xlsx,virtual_1,10.0
42,513,train,virtual,GZ,10Ω_21.xlsx,virtual_1,10.0
42,514,train,virtual,GZ,10Ω_22.xlsx,virtual_1,10.0
42,515,train,virtual,GZ,10Ω_23.xlsx,virtual_1,10.0
42,516,train,virtual,GZ,10Ω_24.xlsx,virtual_1,10.0
42,517,train,virtual,GZ,10Ω_25.xlsx,virtual_1,10.0
42,518,train,virtual,GZ,10Ω_26.xlsx,virtual_1,10.0
42,519,train,virtual,GZ,10Ω_27.xlsx,virtual_1,10.0
42,520,train,virtual,GZ,10Ω_28.xlsx,virtual_1,10.0
42,521,train,virtual,GZ,10Ω_29.xlsx,virtual_1,10.0
42,522,train,virtual,GZ,10Ω_3.xlsx,virtual_1,10.0
42,523,train,virtual,GZ,10Ω_30.xlsx,virtual_1,10.0
42,524,train,virtual,GZ,10Ω_31.xlsx,virtual_1,10.0
42,525,train,virtual,GZ,10Ω_32.xlsx,virtual_1,10.0
42,526,train,virtual,GZ,10Ω_33.xlsx,virtual_1,10.0
42,527,train,virtual,GZ,10Ω_34.xlsx,virtual_1,10.0
42,528,train,virtual,GZ,10Ω_35.xlsx,virtual_1,10.0
42,529,train,virtual,GZ,10Ω_36.xlsx,virtual_1,10.0
42,530,train,virtual,GZ,10Ω_37.xlsx,virtual_1,10.0
42,531,train,virtual,GZ,10Ω_38.xlsx,virtual_1,10.0
42,532,train,virtual,GZ,10Ω_39.xlsx,virtual_1,10.0
42,533,train,virtual,GZ,10Ω_4.xlsx,virtual_1,10.0
42,534,train,virtual,GZ,10Ω_40.xlsx,virtual_1,10.0
42,535,train,virtual,GZ,10Ω_41.xlsx,virtual_1,10.0
42,536,train,virtual,GZ,10Ω_42.xlsx,virtual_1,10.0
42,537,train,virtual,GZ,10Ω_43.xlsx,virtual_1,10.0
42,538,train,virtual,GZ,10Ω_44.xlsx,virtual_1,10.0
42,539,train,virtual,GZ,10Ω_45.xlsx,virtual_1,10.0
42,540,train,virtual,GZ,10Ω_46.xlsx,virtual_1,10.0
42,541,train,virtual,GZ,10Ω_47.xlsx,virtual_1,10.0
42,542,train,virtual,GZ,10Ω_48.xlsx,virtual_1,10.0
42,543,train,virtual,GZ,10Ω_49.xlsx,virtual_1,10.0
42,544,train,virtual,GZ,10Ω_5.xlsx,virtual_1,10.0
42,545,train,virtual,GZ,10Ω_50.xlsx,virtual_1,10.0
42,546,train,virtual,GZ,10Ω_6.xlsx,virtual_1,10.0
42,547,train,virtual,GZ,10Ω_7.xlsx,virtual_1,10.0
42,548,train,virtual,GZ,10Ω_8.xlsx,virtual_1,10.0
42,549,train,virtual,GZ,10Ω_9.xlsx,virtual_1,10.0
42,550,train,virtual,GZ,1Ω_1.xlsx,virtual_1Ω_1,1.0
42,551,train,virtual,GZ,1Ω_10.xlsx,virtual_1Ω_10,1.0
42,552,train,virtual,GZ,1Ω_11.xlsx,virtual_1Ω_11,1.0
42,553,train,virtual,GZ,1Ω_12.xlsx,virtual_1Ω_12,1.0
42,554,train,virtual,GZ,1Ω_13.xlsx,virtual_1Ω_13,1.0
42,555,train,virtual,GZ,1Ω_14.xlsx,virtual_1Ω_14,1.0
42,556,train,virtual,GZ,1Ω_15.xlsx,virtual_1Ω_15,1.0
42,557,train,virtual,GZ,1Ω_16.xlsx,virtual_1Ω_16,1.0
42,558,train,virtual,GZ,1Ω_17.xlsx,virtual_1Ω_17,1.0
42,559,train,virtual,GZ,1Ω_18.xlsx,virtual_1Ω_18,1.0
42,560,train,virtual,GZ,1Ω_19.xlsx,virtual_1Ω_19,1.0
42,561,train,virtual,GZ,1Ω_2.xlsx,virtual_1Ω_2,1.0
42,562,val,virtual,GZ,1Ω_20.xlsx,virtual_1Ω_20,1.0
42,563,train,virtual,GZ,1Ω_21.xlsx,virtual_1Ω_21,1.0
42,564,train,virtual,GZ,1Ω_22.xlsx,virtual_1Ω_22,1.0
42,565,train,virtual,GZ,1Ω_23.xlsx,virtual_1Ω_23,1.0
42,566,train,virtual,GZ,1Ω_24.xlsx,virtual_1Ω_24,1.0
42,567,train,virtual,GZ,1Ω_25.xlsx,virtual_1Ω_25,1.0
42,568,train,virtual,GZ,1Ω_26.xlsx,virtual_1Ω_26,1.0
42,569,val,virtual,GZ,1Ω_27.xlsx,virtual_1Ω_27,1.0
42,570,train,virtual,GZ,1Ω_28.xlsx,virtual_1Ω_28,1.0
42,571,train,virtual,GZ,1Ω_29.xlsx,virtual_1Ω_29,1.0
42,572,train,virtual,GZ,1Ω_3.xlsx,virtual_1Ω_3,1.0
42,573,train,virtual,GZ,1Ω_30.xlsx,virtual_1Ω_30,1.0
42,574,train,virtual,GZ,1Ω_31.xlsx,virtual_1Ω_31,1.0
42,575,train,virtual,GZ,1Ω_32.xlsx,virtual_1Ω_32,1.0
42,576,train,virtual,GZ,1Ω_33.xlsx,virtual_1Ω_33,1.0
42,577,val,virtual,GZ,1Ω_34.xlsx,virtual_1Ω_34,1.0
42,578,val,virtual,GZ,1Ω_35.xlsx,virtual_1Ω_35,1.0
42,579,train,virtual,GZ,1Ω_36.xlsx,virtual_1Ω_36,1.0
42,580,train,virtual,GZ,1Ω_37.xlsx,virtual_1Ω_37,1.0
42,581,train,virtual,GZ,1Ω_38.xlsx,virtual_1Ω_38,1.0
42,582,train,virtual,GZ,1Ω_39.xlsx,virtual_1Ω_39,1.0
42,583,train,virtual,GZ,1Ω_4.xlsx,virtual_1Ω_4,1.0
42,584,train,virtual,GZ,1Ω_40.xlsx,virtual_1Ω_40,1.0
42,585,train,virtual,GZ,1Ω_41.xlsx,virtual_1Ω_41,1.0
42,586,train,virtual,GZ,1Ω_42.xlsx,virtual_1Ω_42,1.0
42,587,train,virtual,GZ,1Ω_43.xlsx,virtual_1Ω_43,1.0
42,588,train,virtual,GZ,1Ω_44.xlsx,virtual_1Ω_44,1.0
42,589,train,virtual,GZ,1Ω_45.xlsx,virtual_1Ω_45,1.0
42,590,train,virtual,GZ,1Ω_46.xlsx,virtual_1Ω_46,1.0
42,591,train,virtual,GZ,1Ω_47.xlsx,virtual_1Ω_47,1.0
42,592,train,virtual,GZ,1Ω_48.xlsx,virtual_1Ω_48,1.0
42,593,train,virtual,GZ,1Ω_49.xlsx,virtual_1Ω_49,1.0
42,594,train,virtual,GZ,1Ω_5.xlsx,virtual_1Ω_5,1.0
42,595,train,virtual,GZ,1Ω_50.xlsx,virtual_1Ω_50,1.0
42,596,train,virtual,GZ,1Ω_6.xlsx,virtual_1Ω_6,1.0
42,597,train,virtual,GZ,1Ω_7.xlsx,virtual_1Ω_7,1.0
42,598,val,virtual,GZ,1Ω_8.xlsx,virtual_1Ω_8,1.0
42,599,train,virtual,GZ,1Ω_9.xlsx,virtual_1Ω_9,1.0
42,600,train,virtual,Normal,Normal_1.xlsx,virtual_Normal_1,
42,601,val,virtual,Normal,Normal_10.xlsx,virtual_Normal_10,
42,602,train,virtual,Normal,Normal_100.xlsx,virtual_Normal_100,
42,603,train,virtual,Normal,Normal_101.xlsx,virtual_Normal_101,
42,604,train,virtual,Normal,Normal_102.xlsx,virtual_Normal_102,
42,605,train,virtual,Normal,Normal_103.xlsx,virtual_Normal_103,
42,606,train,virtual,Normal,Normal_104.xlsx,virtual_Normal_104,
42,607,train,virtual,Normal,Normal_105.xlsx,virtual_Normal_105,
42,608,train,virtual,Normal,Normal_106.xlsx,virtual_Normal_106,
42,609,train,virtual,Normal,Normal_107.xlsx,virtual_Normal_107,
42,610,train,virtual,Normal,Normal_108.xlsx,virtual_Normal_108,
42,611,train,virtual,Normal,Normal_109.xlsx,virtual_Normal_109,
42,612,train,virtual,Normal,Normal_11.xlsx,virtual_Normal_11,
42,613,val,virtual,Normal,Normal_110.xlsx,virtual_Normal_110,
42,614,train,virtual,Normal,Normal_111.xlsx,virtual_Normal_111,
42,615,train,virtual,Normal,Normal_112.xlsx,virtual_Normal_112,
42,616,train,virtual,Normal,Normal_113.xlsx,virtual_Normal_113,
42,617,train,virtual,Normal,Normal_114.xlsx,virtual_Normal_114,
42,618,train,virtual,Normal,Normal_115.xlsx,virtual_Normal_115,
42,619,train,virtual,Normal,Normal_116.xlsx,virtual_Normal_116,
42,620,val,virtual,Normal,Normal_117.xlsx,virtual_Normal_117,
42,621,val,virtual,Normal,Normal_118.xlsx,virtual_Normal_118,
42,622,train,virtual,Normal,Normal_119.xlsx,virtual_Normal_119,
42,623,train,virtual,Normal,Normal_12.xlsx,virtual_Normal_12,
42,624,train,virtual,Normal,Normal_120.xlsx,virtual_Normal_120,
42,625,train,virtual,Normal,Normal_121.xlsx,virtual_Normal_121,
42,626,train,virtual,Normal,Normal_122.xlsx,virtual_Normal_122,
42,627,train,virtual,Normal,Normal_123.xlsx,virtual_Normal_123,
42,628,train,virtual,Normal,Normal_124.xlsx,virtual_Normal_124,
42,629,train,virtual,Normal,Normal_125.xlsx,virtual_Normal_125,
42,630,train,virtual,Normal,Normal_126.xlsx,virtual_Normal_126,
42,631,train,virtual,Normal,Normal_127.xlsx,virtual_Normal_127,
42,632,train,virtual,Normal,Normal_128.xlsx,virtual_Normal_128,
42,633,train,virtual,Normal,Normal_129.xlsx,virtual_Normal_129,
42,634,val,virtual,Normal,Normal_13.xlsx,virtual_Normal_13,
42,635,train,virtual,Normal,Normal_130.xlsx,virtual_Normal_130,
42,636,train,virtual,Normal,Normal_131.xlsx,virtual_Normal_131,
42,637,train,virtual,Normal,Normal_132.xlsx,virtual_Normal_132,
42,638,train,virtual,Normal,Normal_133.xlsx,virtual_Normal_133,
42,639,train,virtual,Normal,Normal_134.xlsx,virtual_Normal_134,
42,640,train,virtual,Normal,Normal_135.xlsx,virtual_Normal_135,
42,641,train,virtual,Normal,Normal_136.xlsx,virtual_Normal_136,
42,642,train,virtual,Normal,Normal_137.xlsx,virtual_Normal_137,
42,643,train,virtual,Normal,Normal_138.xlsx,virtual_Normal_138,
42,644,train,virtual,Normal,Normal_139.xlsx,virtual_Normal_139,
42,645,train,virtual,Normal,Normal_14.xlsx,virtual_Normal_14,
42,646,train,virtual,Normal,Normal_140.xlsx,virtual_Normal_140,
42,647,train,virtual,Normal,Normal_141.xlsx,virtual_Normal_141,
42,648,train,virtual,Normal,Normal_142.xlsx,virtual_Normal_142,
42,649,train,virtual,Normal,Normal_143.xlsx,virtual_Normal_143,
42,650,train,virtual,Normal,Normal_144.xlsx,virtual_Normal_144,
42,651,train,virtual,Normal,Normal_145.xlsx,virtual_Normal_145,
42,652,train,virtual,Normal,Normal_146.xlsx,virtual_Normal_146,
42,653,train,virtual,Normal,Normal_147.xlsx,virtual_Normal_147,
42,654,train,virtual,Normal,Normal_148.xlsx,virtual_Normal_148,
42,655,train,virtual,Normal,Normal_149.xlsx,virtual_Normal_149,
42,656,train,virtual,Normal,Normal_15.xlsx,virtual_Normal_15,
42,657,train,virtual,Normal,Normal_150.xlsx,virtual_Normal_150,
42,658,val,virtual,Normal,Normal_151.xlsx,virtual_Normal_151,
42,659,train,virtual,Normal,Normal_152.xlsx,virtual_Normal_152,
42,660,train,virtual,Normal,Normal_153.xlsx,virtual_Normal_153,
42,661,train,virtual,Normal,Normal_154.xlsx,virtual_Normal_154,
42,662,train,virtual,Normal,Normal_155.xlsx,virtual_Normal_155,
42,663,train,virtual,Normal,Normal_156.xlsx,virtual_Normal_156,
42,664,train,virtual,Normal,Normal_157.xlsx,virtual_Normal_157,
42,665,train,virtual,Normal,Normal_158.xlsx,virtual_Normal_158,
42,666,train,virtual,Normal,Normal_159.xlsx,virtual_Normal_159,
42,667,train,virtual,Normal,Normal_16.xlsx,virtual_Normal_16,
42,668,train,virtual,Normal,Normal_160.xlsx,virtual_Normal_160,
42,669,train,virtual,Normal,Normal_161.xlsx,virtual_Normal_161,
42,670,train,virtual,Normal,Normal_162.xlsx,virtual_Normal_162,
42,671,val,virtual,Normal,Normal_163.xlsx,virtual_Normal_163,
42,672,train,virtual,Normal,Normal_164.xlsx,virtual_Normal_164,
42,673,train,virtual,Normal,Normal_165.xlsx,virtual_Normal_165,
42,674,train,virtual,Normal,Normal_166.xlsx,virtual_Normal_166,
42,675,train,virtual,Normal,Normal_167.xlsx,virtual_Normal_167,
42,676,train,virtual,Normal,Normal_168.xlsx,virtual_Normal_168,
42,677,train,virtual,Normal,Normal_169.xlsx,virtual_Normal_169,
42,678,train,virtual,Normal,Normal_17.xlsx,virtual_Normal_17,
42,679,train,virtual,Normal,Normal_170.xlsx,virtual_Normal_170,
42,680,val,virtual,Normal,Normal_171.xlsx,virtual_Normal_171,
42,681,train,virtual,Normal,Normal_172.xlsx,virtual_Normal_172,
42,682,train,virtual,Normal,Normal_173.xlsx,virtual_Normal_173,
42,683,train,virtual,Normal,Normal_174.xlsx,virtual_Normal_174,
42,684,train,virtual,Normal,Normal_175.xlsx,virtual_Normal_175,
42,685,train,virtual,Normal,Normal_176.xlsx,virtual_Normal_176,
42,686,train,virtual,Normal,Normal_177.xlsx,virtual_Normal_177,
42,687,val,virtual,Normal,Normal_178.xlsx,virtual_Normal_178,
42,688,train,virtual,Normal,Normal_179.xlsx,virtual_Normal_179,
42,689,train,virtual,Normal,Normal_18.xlsx,virtual_Normal_18,
42,690,train,virtual,Normal,Normal_180.xlsx,virtual_Normal_180,
42,691,val,virtual,Normal,Normal_181.xlsx,virtual_Normal_181,
42,692,train,virtual,Normal,Normal_182.xlsx,virtual_Normal_182,
42,693,train,virtual,Normal,Normal_183.xlsx,virtual_Normal_183,
42,694,train,virtual,Normal,Normal_184.xlsx,virtual_Normal_184,
42,695,train,virtual,Normal,Normal_185.xlsx,virtual_Normal_185,
42,696,train,virtual,Normal,Normal_186.xlsx,virtual_Normal_186,
42,697,train,virtual,Normal,Normal_187.xlsx,virtual_Normal_187,
42,698,train,virtual,Normal,Normal_188.xlsx,virtual_Normal_188,
42,699,val,virtual,Normal,Normal_189.xlsx,virtual_Normal_189,
42,700,train,virtual,Normal,Normal_19.xlsx,virtual_Normal_19,
42,701,train,virtual,Normal,Normal_190.xlsx,virtual_Normal_190,
42,702,val,virtual,Normal,Normal_191.xlsx,virtual_Normal_191,
42,703,train,virtual,Normal,Normal_192.xlsx,virtual_Normal_192,
42,704,train,virtual,Normal,Normal_193.xlsx,virtual_Normal_193,
42,705,val,virtual,Normal,Normal_194.xlsx,virtual_Normal_194,
42,706,val,virtual,Normal,Normal_195.xlsx,virtual_Normal_195,
42,707,train,virtual,Normal,Normal_196.xlsx,virtual_Normal_196,
42,708,train,virtual,Normal,Normal_197.xlsx,virtual_Normal_197,
42,709,train,virtual,Normal,Normal_198.xlsx,virtual_Normal_198,
42,710,train,virtual,Normal,Normal_199.xlsx,virtual_Normal_199,
42,711,train,virtual,Normal,Normal_2.xlsx,virtual_Normal_2,
42,712,train,virtual,Normal,Normal_20.xlsx,virtual_Normal_20,
42,713,train,virtual,Normal,Normal_200.xlsx,virtual_Normal_200,
42,714,train,virtual,Normal,Normal_201.xlsx,virtual_Normal_201,
42,715,train,virtual,Normal,Normal_202.xlsx,virtual_Normal_202,
42,716,train,virtual,Normal,Normal_203.xlsx,virtual_Normal_203,
42,717,train,virtual,Normal,Normal_204.xlsx,virtual_Normal_204,
42,718,train,virtual,Normal,Normal_205.xlsx,virtual_Normal_205,
42,719,train,virtual,Normal,Normal_206.xlsx,virtual_Normal_206,
42,720,train,virtual,Normal,Normal_207.xlsx,virtual_Normal_207,
42,721,val,virtual,Normal,Normal_208.xlsx,virtual_Normal_208,
42,722,train,virtual,Normal,Normal_209.xlsx,virtual_Normal_209,
42,723,train,virtual,Normal,Normal_21.xlsx,virtual_Normal_21,
42,724,train,virtual,Normal,Normal_210.xlsx,virtual_Normal_210,
42,725,train,virtual,Normal,Normal_211.xlsx,virtual_Normal_211,
42,726,train,virtual,Normal,Normal_212.xlsx,virtual_Normal_212,
42,727,train,virtual,Normal,Normal_213.xlsx,virtual_Normal_213,
42,728,train,virtual,Normal,Normal_214.xlsx,virtual_Normal_214,
42,729,train,virtual,Normal,Normal_215.xlsx,virtual_Normal_215,
42,730,val,virtual,Normal,Normal_216.xlsx,virtual_Normal_216,
42,731,train,virtual,Normal,Normal_217.xlsx,virtual_Normal_217,
42,732,train,virtual,Normal,Normal_218.xlsx,virtual_Normal_218,
42,733,train,virtual,Normal,Normal_219.xlsx,virtual_Normal_219,
42,734,train,virtual,Normal,Normal_22.xlsx,virtual_Normal_22,
42,735,train,virtual,Normal,Normal_220.xlsx,virtual_Normal_220,
42,736,train,virtual,Normal,Normal_221.xlsx,virtual_Normal_221,
42,737,train,virtual,Normal,Normal_222.xlsx,virtual_Normal_222,
42,738,train,virtual,Normal,Normal_223.xlsx,virtual_Normal_223,
42,739,train,virtual,Normal,Normal_224.xlsx,virtual_Normal_224,
42,740,train,virtual,Normal,Normal_225.xlsx,virtual_Normal_225,
42,741,train,virtual,Normal,Normal_226.xlsx,virtual_Normal_226,
42,742,train,virtual,Normal,Normal_227.xlsx,virtual_Normal_227,
42,743,train,virtual,Normal,Normal_228.xlsx,virtual_Normal_228,
42,744,train,virtual,Normal,Normal_229.xlsx,virtual_Normal_229,
42,745,train,virtual,Normal,Normal_23.xlsx,virtual_Normal_23,
42,746,train,virtual,Normal,Normal_230.xlsx,virtual_Normal_230,
42,747,train,virtual,Normal,Normal_231.xlsx,virtual_Normal_231,
42,748,train,virtual,Normal,Normal_232.xlsx,virtual_Normal_232,
42,749,train,virtual,Normal,Normal_233.xlsx,virtual_Normal_233,
42,750,train,virtual,Normal,Normal_234.xlsx,virtual_Normal_234,
42,751,train,virtual,Normal,Normal_235.xlsx,virtual_Normal_235,
42,752,train,virtual,Normal,Normal_236.xlsx,virtual_Normal_236,
42,753,train,virtual,Normal,Normal_237.xlsx,virtual_Normal_237,
42,754,train,virtual,Normal,Normal_238.xlsx,virtual_Normal_238,
42,755,train,virtual,Normal,Normal_239.xlsx,virtual_Normal_239,
42,756,train,virtual,Normal,Normal_24.xlsx,virtual_Normal_24,
42,757,train,virtual,Normal,Normal_240.xlsx,virtual_Normal_240,
42,758,train,virtual,Normal,Normal_241.xlsx,virtual_Normal_241,
42,759,train,virtual,Normal,Normal_242.xlsx,virtual_Normal_242,
42,760,val,virtual,Normal,Normal_243.xlsx,virtual_Normal_243,
42,761,train,virtual,Normal,Normal_244.xlsx,virtual_Normal_244,
42,762,train,virtual,Normal,Normal_245.xlsx,virtual_Normal_245,
42,763,train,virtual,Normal,Normal_246.xlsx,virtual_Normal_246,
42,764,train,virtual,Normal,Normal_247.xlsx,virtual_Normal_247,
42,765,train,virtual,Normal,Normal_248.xlsx,virtual_Normal_248,
42,766,val,virtual,Normal,Normal_249.xlsx,virtual_Normal_249,
42,767,train,virtual,Normal,Normal_25.xlsx,virtual_Normal_25,
42,768,train,virtual,Normal,Normal_250.xlsx,virtual_Normal_250,
42,769,train,virtual,Normal,Normal_251.xlsx,virtual_Normal_251,
42,770,train,virtual,Normal,Normal_252.xlsx,virtual_Normal_252,
42,771,train,virtual,Normal,Normal_253.xlsx,virtual_Normal_253,
42,772,train,virtual,Normal,Normal_254.xlsx,virtual_Normal_254,
42,773,train,virtual,Normal,Normal_255.xlsx,virtual_Normal_255,
42,774,train,virtual,Normal,Normal_256.xlsx,virtual_Normal_256,
42,775,train,virtual,Normal,Normal_257.xlsx,virtual_Normal_257,
42,776,train,virtual,Normal,Normal_258.xlsx,virtual_Normal_258,
42,777,train,virtual,Normal,Normal_259.xlsx,virtual_Normal_259,
42,778,train,virtual,Normal,Normal_26.xlsx,virtual_Normal_26,
42,779,train,virtual,Normal,Normal_260.xlsx,virtual_Normal_260,
42,780,train,virtual,Normal,Normal_261.xlsx,virtual_Normal_261,
42,781,train,virtual,Normal,Normal_262.xlsx,virtual_Normal_262,
42,782,train,virtual,Normal,Normal_263.xlsx,virtual_Normal_263,
42,783,train,virtual,Normal,Normal_264.xlsx,virtual_Normal_264,
42,784,train,virtual,Normal,Normal_265.xlsx,virtual_Normal_265,
42,785,train,virtual,Normal,Normal_266.xlsx,virtual_Normal_266,
42,786,train,virtual,Normal,Normal_267.xlsx,virtual_Normal_267,
42,787,train,virtual,Normal,Normal_268.xlsx,virtual_Normal_268,
42,788,train,virtual,Normal,Normal_269.xlsx,virtual_Normal_269,
42,789,val,virtual,Normal,Normal_27.xlsx,virtual_Normal_27,
42,790,train,virtual,Normal,Normal_270.xlsx,virtual_Normal_270,
42,791,val,virtual,Normal,Normal_271.xlsx,virtual_Normal_271,
42,792,train,virtual,Normal,Normal_272.xlsx,virtual_Normal_272,
42,793,train,virtual,Normal,Normal_273.xlsx,virtual_Normal_273,
42,794,train,virtual,Normal,Normal_274.xlsx,virtual_Normal_274,
42,795,train,virtual,Normal,Normal_275.xlsx,virtual_Normal_275,
42,796,train,virtual,Normal,Normal_276.xlsx,virtual_Normal_276,
42,797,train,virtual,Normal,Normal_277.xlsx,virtual_Normal_277,
42,798,train,virtual,Normal,Normal_278.xlsx,virtual_Normal_278,
42,799,train,virtual,Normal,Normal_279.xlsx,virtual_Normal_279,
42,800,train,virtual,Normal,Normal_28.xlsx,virtual_Normal_28,
42,801,train,virtual,Normal,Normal_280.xlsx,virtual_Normal_280,
42,802,train,virtual,Normal,Normal_281.xlsx,virtual_Normal_281,
42,803,train,virtual,Normal,Normal_282.xlsx,virtual_Normal_282,
42,804,train,virtual,Normal,Normal_283.xlsx,virtual_Normal_283,
42,805,val,virtual,Normal,Normal_284.xlsx,virtual_Normal_284,
42,806,train,virtual,Normal,Normal_285.xlsx,virtual_Normal_285,
42,807,train,virtual,Normal,Normal_286.xlsx,virtual_Normal_286,
42,808,train,virtual,Normal,Normal_287.xlsx,virtual_Normal_287,
42,809,train,virtual,Normal,Normal_288.xlsx,virtual_Normal_288,
42,810,train,virtual,Normal,Normal_289.xlsx,virtual_Normal_289,
42,811,train,virtual,Normal,Normal_29.xlsx,virtual_Normal_29,
42,812,train,virtual,Normal,Normal_290.xlsx,virtual_Normal_290,
42,813,train,virtual,Normal,Normal_291.xlsx,virtual_Normal_291,
42,814,val,virtual,Normal,Normal_292.xlsx,virtual_Normal_292,
42,815,train,virtual,Normal,Normal_293.xlsx,virtual_Normal_293,
42,816,train,virtual,Normal,Normal_294.xlsx,virtual_Normal_294,
42,817,train,virtual,Normal,Normal_295.xlsx,virtual_Normal_295,
42,818,train,virtual,Normal,Normal_296.xlsx,virtual_Normal_296,
42,819,train,virtual,Normal,Normal_297.xlsx,virtual_Normal_297,
42,820,train,virtual,Normal,Normal_298.xlsx,virtual_Normal_298,
42,821,train,virtual,Normal,Normal_299.xlsx,virtual_Normal_299,
42,822,train,virtual,Normal,Normal_3.xlsx,virtual_Normal_3,
42,823,train,virtual,Normal,Normal_30.xlsx,virtual_Normal_30,
42,824,train,virtual,Normal,Normal_300.xlsx,virtual_Normal_300,
42,825,train,virtual,Normal,Normal_301.xlsx,virtual_Normal_301,
42,826,train,virtual,Normal,Normal_302.xlsx,virtual_Normal_302,
42,827,train,virtual,Normal,Normal_303.xlsx,virtual_Normal_303,
42,828,train,virtual,Normal,Normal_304.xlsx,virtual_Normal_304,
42,829,train,virtual,Normal,Normal_305.xlsx,virtual_Normal_305,
42,830,train,virtual,Normal,Normal_306.xlsx,virtual_Normal_306,
42,831,train,virtual,Normal,Normal_307.xlsx,virtual_Normal_307,
42,832,train,virtual,Normal,Normal_308.xlsx,virtual_Normal_308,
42,833,train,virtual,Normal,Normal_309.xlsx,virtual_Normal_309,
42,834,train,virtual,Normal,Normal_31.xlsx,virtual_Normal_31,
42,835,train,virtual,Normal,Normal_310.xlsx,virtual_Normal_310,
42,836,train,virtual,Normal,Normal_311.xlsx,virtual_Normal_311,
42,837,train,virtual,Normal,Normal_312.xlsx,virtual_Normal_312,
42,838,train,virtual,Normal,Normal_313.xlsx,virtual_Normal_313,
42,839,train,virtual,Normal,Normal_314.xlsx,virtual_Normal_314,
42,840,train,virtual,Normal,Normal_315.xlsx,virtual_Normal_315,
42,841,val,virtual,Normal,Normal_316.xlsx,virtual_Normal_316,
42,842,train,virtual,Normal,Normal_317.xlsx,virtual_Normal_317,
42,843,val,virtual,Normal,Normal_318.xlsx,virtual_Normal_318,
42,844,train,virtual,Normal,Normal_319.xlsx,virtual_Normal_319,
42,845,train,virtual,Normal,Normal_32.xlsx,virtual_Normal_32,
42,846,train,virtual,Normal,Normal_320.xlsx,virtual_Normal_320,
42,847,train,virtual,Normal,Normal_321.xlsx,virtual_Normal_321,
42,848,train,virtual,Normal,Normal_322.xlsx,virtual_Normal_322,
42,849,train,virtual,Normal,Normal_323.xlsx,virtual_Normal_323,
42,850,train,virtual,Normal,Normal_324.xlsx,virtual_Normal_324,
42,851,train,virtual,Normal,Normal_325.xlsx,virtual_Normal_325,
42,852,val,virtual,Normal,Normal_326.xlsx,virtual_Normal_326,
42,853,train,virtual,Normal,Normal_327.xlsx,virtual_Normal_327,
42,854,train,virtual,Normal,Normal_328.xlsx,virtual_Normal_328,
42,855,train,virtual,Normal,Normal_329.xlsx,virtual_Normal_329,
42,856,train,virtual,Normal,Normal_33.xlsx,virtual_Normal_33,
42,857,train,virtual,Normal,Normal_330.xlsx,virtual_Normal_330,
42,858,train,virtual,Normal,Normal_331.xlsx,virtual_Normal_331,
42,859,train,virtual,Normal,Normal_332.xlsx,virtual_Normal_332,
42,860,train,virtual,Normal,Normal_333.xlsx,virtual_Normal_333,
42,861,train,virtual,Normal,Normal_334.xlsx,virtual_Normal_334,
42,862,train,virtual,Normal,Normal_335.xlsx,virtual_Normal_335,
42,863,train,virtual,Normal,Normal_336.xlsx,virtual_Normal_336,
42,864,train,virtual,Normal,Normal_337.xlsx,virtual_Normal_337,
42,865,train,virtual,Normal,Normal_338.xlsx,virtual_Normal_338,
42,866,train,virtual,Normal,Normal_339.xlsx,virtual_Normal_339,
42,867,train,virtual,Normal,Normal_34.xlsx,virtual_Normal_34,
42,868,train,virtual,Normal,Normal_340.xlsx,virtual_Normal_340,
42,869,train,virtual,Normal,Normal_341.xlsx,virtual_Normal_341,
42,870,val,virtual,Normal,Normal_342.xlsx,virtual_Normal_342,
42,871,train,virtual,Normal,Normal_343.xlsx,virtual_Normal_343,
42,872,train,virtual,Normal,Normal_344.xlsx,virtual_Normal_344,
42,873,val,virtual,Normal,Normal_345.xlsx,virtual_Normal_345,
42,874,train,virtual,Normal,Normal_346.xlsx,virtual_Normal_346,
42,875,train,virtual,Normal,Normal_347.xlsx,virtual_Normal_347,
42,876,val,virtual,Normal,Normal_348.xlsx,virtual_Normal_348,
42,877,train,virtual,Normal,Normal_349.xlsx,virtual_Normal_349,
42,878,train,virtual,Normal,Normal_35.xlsx,virtual_Normal_35,
42,879,train,virtual,Normal,Normal_350.xlsx,virtual_Normal_350,
42,880,train,virtual,Normal,Normal_351.xlsx,virtual_Normal_351,
42,881,train,virtual,Normal,Normal_352.xlsx,virtual_Normal_352,
42,882,train,virtual,Normal,Normal_353.xlsx,virtual_Normal_353,
42,883,train,virtual,Normal,Normal_354.xlsx,virtual_Normal_354,
42,884,train,virtual,Normal,Normal_355.xlsx,virtual_Normal_355,
42,885,train,virtual,Normal,Normal_356.xlsx,virtual_Normal_356,
42,886,train,virtual,Normal,Normal_357.xlsx,virtual_Normal_357,
42,887,train,virtual,Normal,Normal_358.xlsx,virtual_Normal_358,
42,888,train,virtual,Normal,Normal_359.xlsx,virtual_Normal_359,
42,889,train,virtual,Normal,Normal_36.xlsx,virtual_Normal_36,
42,890,train,virtual,Normal,Normal_360.xlsx,virtual_Normal_360,
42,891,train,virtual,Normal,Normal_361.xlsx,virtual_Normal_361,
42,892,train,virtual,Normal,Normal_362.xlsx,virtual_Normal_362,
42,893,train,virtual,Normal,Normal_363.xlsx,virtual_Normal_363,
42,894,train,virtual,Normal,Normal_364.xlsx,virtual_Normal_364,
42,895,train,virtual,Normal,Normal_365.xlsx,virtual_Normal_365,
42,896,train,virtual,Normal,Normal_366.xlsx,virtual_Normal_366,
42,897,train,virtual,Normal,Normal_367.xlsx,virtual_Normal_367,
42,898,train,virtual,Normal,Normal_368.xlsx,virtual_Normal_368,
42,899,train,virtual,Normal,Normal_369.xlsx,virtual_Normal_369,
42,900,train,virtual,Normal,Normal_37.xlsx,virtual_Normal_37,
42,901,train,virtual,Normal,Normal_370.xlsx,virtual_Normal_370,
42,902,train,virtual,Normal,Normal_371.xlsx,virtual_Normal_371,
42,903,train,virtual,Normal,Normal_372.xlsx,virtual_Normal_372,
42,904,train,virtual,Normal,Normal_373.xlsx,virtual_Normal_373,
42,905,train,virtual,Normal,Normal_374.xlsx,virtual_Normal_374,
42,906,train,virtual,Normal,Normal_375.xlsx,virtual_Normal_375,
42,907,train,virtual,Normal,Normal_376.xlsx,virtual_Normal_376,
42,908,val,virtual,Normal,Normal_377.xlsx,virtual_Normal_377,
42,909,train,virtual,Normal,Normal_378.xlsx,virtual_Normal_378,
42,910,train,virtual,Normal,Normal_379.xlsx,virtual_Normal_379,
42,911,train,virtual,Normal,Normal_38.xlsx,virtual_Normal_38,
42,912,train,virtual,Normal,Normal_380.xlsx,virtual_Normal_380,
42,913,val,virtual,Normal,Normal_381.xlsx,virtual_Normal_381,
42,914,train,virtual,Normal,Normal_382.xlsx,virtual_Normal_382,
42,915,val,virtual,Normal,Normal_383.xlsx,virtual_Normal_383,
42,916,train,virtual,Normal,Normal_384.xlsx,virtual_Normal_384,
42,917,train,virtual,Normal,Normal_385.xlsx,virtual_Normal_385,
42,918,train,virtual,Normal,Normal_386.xlsx,virtual_Normal_386,
42,919,train,virtual,Normal,Normal_387.xlsx,virtual_Normal_387,
42,920,train,virtual,Normal,Normal_388.xlsx,virtual_Normal_388,
42,921,train,virtual,Normal,Normal_389.xlsx,virtual_Normal_389,
42,922,train,virtual,Normal,Normal_39.xlsx,virtual_Normal_39,
42,923,train,virtual,Normal,Normal_390.xlsx,virtual_Normal_390,
42,924,train,virtual,Normal,Normal_391.xlsx,virtual_Normal_391,
42,925,train,virtual,Normal,Normal_392.xlsx,virtual_Normal_392,
42,926,train,virtual,Normal,Normal_393.xlsx,virtual_Normal_393,
42,927,train,virtual,Normal,Normal_394.xlsx,virtual_Normal_394,
42,928,train,virtual,Normal,Normal_395.xlsx,virtual_Normal_395,
42,929,train,virtual,Normal,Normal_396.xlsx,virtual_Normal_396,
42,930,val,virtual,Normal,Normal_397.xlsx,virtual_Normal_397,
42,931,train,virtual,Normal,Normal_398.xlsx,virtual_Normal_398,
42,932,train,virtual,Normal,Normal_399.xlsx,virtual_Normal_399,
42,933,train,virtual,Normal,Normal_4.xlsx,virtual_Normal_4,
42,934,train,virtual,Normal,Normal_40.xlsx,virtual_Normal_40,
42,935,train,virtual,Normal,Normal_400.xlsx,virtual_Normal_400,
42,936,train,virtual,Normal,Normal_401.xlsx,virtual_Normal_401,
42,937,train,virtual,Normal,Normal_402.xlsx,virtual_Normal_402,
42,938,train,virtual,Normal,Normal_403.xlsx,virtual_Normal_403,
42,939,val,virtual,Normal,Normal_404.xlsx,virtual_Normal_404,
42,940,train,virtual,Normal,Normal_405.xlsx,virtual_Normal_405,
42,941,train,virtual,Normal,Normal_406.xlsx,virtual_Normal_406,
42,942,train,virtual,Normal,Normal_407.xlsx,virtual_Normal_407,
42,943,val,virtual,Normal,Normal_408.xlsx,virtual_Normal_408,
42,944,train,virtual,Normal,Normal_409.xlsx,virtual_Normal_409,
42,945,val,virtual,Normal,Normal_41.xlsx,virtual_Normal_41,
42,946,train,virtual,Normal,Normal_410.xlsx,virtual_Normal_410,
42,947,train,virtual,Normal,Normal_411.xlsx,virtual_Normal_411,
42,948,train,virtual,Normal,Normal_412.xlsx,virtual_Normal_412,
42,949,train,virtual,Normal,Normal_413.xlsx,virtual_Normal_413,
42,950,train,virtual,Normal,Normal_414.xlsx,virtual_Normal_414,
42,951,train,virtual,Normal,Normal_415.xlsx,virtual_Normal_415,
42,952,train,virtual,Normal,Normal_416.xlsx,virtual_Normal_416,
42,953,train,virtual,Normal,Normal_417.xlsx,virtual_Normal_417,
42,954,train,virtual,Normal,Normal_418.xlsx,virtual_Normal_418,
42,955,train,virtual,Normal,Normal_419.xlsx,virtual_Normal_419,
42,956,train,virtual,Normal,Normal_42.xlsx,virtual_Normal_42,
42,957,train,virtual,Normal,Normal_420.xlsx,virtual_Normal_420,
42,958,train,virtual,Normal,Normal_421.xlsx,virtual_Normal_421,
42,959,train,virtual,Normal,Normal_422.xlsx,virtual_Normal_422,
42,960,train,virtual,Normal,Normal_423.xlsx,virtual_Normal_423,
42,961,train,virtual,Normal,Normal_424.xlsx,virtual_Normal_424,
42,962,train,virtual,Normal,Normal_425.xlsx,virtual_Normal_425,
42,963,train,virtual,Normal,Normal_426.xlsx,virtual_Normal_426,
42,964,train,virtual,Normal,Normal_427.xlsx,virtual_Normal_427,
42,965,train,virtual,Normal,Normal_428.xlsx,virtual_Normal_428,
42,966,val,virtual,Normal,Normal_429.xlsx,virtual_Normal_429,
42,967,train,virtual,Normal,Normal_43.xlsx,virtual_Normal_43,
42,968,train,virtual,Normal,Normal_430.xlsx,virtual_Normal_430,
42,969,train,virtual,Normal,Normal_431.xlsx,virtual_Normal_431,
42,970,train,virtual,Normal,Normal_432.xlsx,virtual_Normal_432,
42,971,train,virtual,Normal,Normal_433.xlsx,virtual_Normal_433,
42,972,val,virtual,Normal,Normal_434.xlsx,virtual_Normal_434,
42,973,train,virtual,Normal,Normal_435.xlsx,virtual_Normal_435,
42,974,train,virtual,Normal,Normal_436.xlsx,virtual_Normal_436,
42,975,train,virtual,Normal,Normal_437.xlsx,virtual_Normal_437,
42,976,train,virtual,Normal,Normal_438.xlsx,virtual_Normal_438,
42,977,train,virtual,Normal,Normal_439.xlsx,virtual_Normal_439,
42,978,train,virtual,Normal,Normal_44.xlsx,virtual_Normal_44,
42,979,train,virtual,Normal,Normal_440.xlsx,virtual_Normal_440,
42,980,train,virtual,Normal,Normal_441.xlsx,virtual_Normal_441,
42,981,train,virtual,Normal,Normal_442.xlsx,virtual_Normal_442,
42,982,train,virtual,Normal,Normal_443.xlsx,virtual_Normal_443,
42,983,train,virtual,Normal,Normal_444.xlsx,virtual_Normal_444,
42,984,train,virtual,Normal,Normal_445.xlsx,virtual_Normal_445,
42,985,val,virtual,Normal,Normal_446.xlsx,virtual_Normal_446,
42,986,train,virtual,Normal,Normal_447.xlsx,virtual_Normal_447,
42,987,val,virtual,Normal,Normal_448.xlsx,virtual_Normal_448,
42,988,train,virtual,Normal,Normal_449.xlsx,virtual_Normal_449,
42,989,val,virtual,Normal,Normal_45.xlsx,virtual_Normal_45,
42,990,train,virtual,Normal,Normal_450.xlsx,virtual_Normal_450,
42,991,train,virtual,Normal,Normal_451.xlsx,virtual_Normal_451,
42,992,train,virtual,Normal,Normal_452.xlsx,virtual_Normal_452,
42,993,train,virtual,Normal,Normal_453.xlsx,virtual_Normal_453,
42,994,train,virtual,Normal,Normal_454.xlsx,virtual_Normal_454,
42,995,train,virtual,Normal,Normal_455.xlsx,virtual_Normal_455,
42,996,train,virtual,Normal,Normal_456.xlsx,virtual_Normal_456,
42,997,train,virtual,Normal,Normal_457.xlsx,virtual_Normal_457,
42,998,train,virtual,Normal,Normal_458.xlsx,virtual_Normal_458,
42,999,train,virtual,Normal,Normal_459.xlsx,virtual_Normal_459,
42,1000,train,virtual,Normal,Normal_46.xlsx,virtual_Normal_46,
42,1001,val,virtual,Normal,Normal_460.xlsx,virtual_Normal_460,
42,1002,train,virtual,Normal,Normal_461.xlsx,virtual_Normal_461,
42,1003,train,virtual,Normal,Normal_462.xlsx,virtual_Normal_462,
42,1004,train,virtual,Normal,Normal_463.xlsx,virtual_Normal_463,
42,1005,train,virtual,Normal,Normal_464.xlsx,virtual_Normal_464,
42,1006,train,virtual,Normal,Normal_465.xlsx,virtual_Normal_465,
42,1007,train,virtual,Normal,Normal_466.xlsx,virtual_Normal_466,
42,1008,train,virtual,Normal,Normal_467.xlsx,virtual_Normal_467,
42,1009,train,virtual,Normal,Normal_468.xlsx,virtual_Normal_468,
42,1010,train,virtual,Normal,Normal_469.xlsx,virtual_Normal_469,
42,1011,train,virtual,Normal,Normal_47.xlsx,virtual_Normal_47,
42,1012,train,virtual,Normal,Normal_470.xlsx,virtual_Normal_470,
42,1013,val,virtual,Normal,Normal_471.xlsx,virtual_Normal_471,
42,1014,train,virtual,Normal,Normal_472.xlsx,virtual_Normal_472,
42,1015,train,virtual,Normal,Normal_473.xlsx,virtual_Normal_473,
42,1016,train,virtual,Normal,Normal_474.xlsx,virtual_Normal_474,
42,1017,train,virtual,Normal,Normal_475.xlsx,virtual_Normal_475,
42,1018,train,virtual,Normal,Normal_476.xlsx,virtual_Normal_476,
42,1019,train,virtual,Normal,Normal_477.xlsx,virtual_Normal_477,
42,1020,train,virtual,Normal,Normal_478.xlsx,virtual_Normal_478,
42,1021,train,virtual,Normal,Normal_479.xlsx,virtual_Normal_479,
42,1022,train,virtual,Normal,Normal_48.xlsx,virtual_Normal_48,
42,1023,train,virtual,Normal,Normal_480.xlsx,virtual_Normal_480,
42,1024,train,virtual,Normal,Normal_481.xlsx,virtual_Normal_481,
42,1025,train,virtual,Normal,Normal_482.xlsx,virtual_Normal_482,
42,1026,train,virtual,Normal,Normal_483.xlsx,virtual_Normal_483,
42,1027,val,virtual,Normal,Normal_484.xlsx,virtual_Normal_484,
42,1028,train,virtual,Normal,Normal_485.xlsx,virtual_Normal_485,
42,1029,train,virtual,Normal,Normal_486.xlsx,virtual_Normal_486,
42,1030,train,virtual,Normal,Normal_487.xlsx,virtual_Normal_487,
42,1031,train,virtual,Normal,Normal_488.xlsx,virtual_Normal_488,
42,1032,train,virtual,Normal,Normal_489.xlsx,virtual_Normal_489,
42,1033,train,virtual,Normal,Normal_49.xlsx,virtual_Normal_49,
42,1034,train,virtual,Normal,Normal_490.xlsx,virtual_Normal_490,
42,1035,val,virtual,Normal,Normal_491.xlsx,virtual_Normal_491,
42,1036,train,virtual,Normal,Normal_492.xlsx,virtual_Normal_492,
42,1037,train,virtual,Normal,Normal_493.xlsx,virtual_Normal_493,
42,1038,train,virtual,Normal,Normal_494.xlsx,virtual_Normal_494,
42,1039,train,virtual,Normal,Normal_495.xlsx,virtual_Normal_495,
42,1040,train,virtual,Normal,Normal_496.xlsx,virtual_Normal_496,
42,1041,train,virtual,Normal,Normal_497.xlsx,virtual_Normal_497,
42,1042,train,virtual,Normal,Normal_498.xlsx,virtual_Normal_498,
42,1043,train,virtual,Normal,Normal_499.xlsx,virtual_Normal_499,
42,1044,train,virtual,Normal,Normal_5.xlsx,virtual_Normal_5,
42,1045,train,virtual,Normal,Normal_50.xlsx,virtual_Normal_50,
42,1046,train,virtual,Normal,Normal_500.xlsx,virtual_Normal_500,
42,1047,train,virtual,Normal,Normal_501.xlsx,virtual_Normal_501,
42,1048,train,virtual,Normal,Normal_502.xlsx,virtual_Normal_502,
42,1049,train,virtual,Normal,Normal_503.xlsx,virtual_Normal_503,
42,1050,train,virtual,Normal,Normal_504.xlsx,virtual_Normal_504,
42,1051,train,virtual,Normal,Normal_505.xlsx,virtual_Normal_505,
42,1052,train,virtual,Normal,Normal_506.xlsx,virtual_Normal_506,
42,1053,train,virtual,Normal,Normal_507.xlsx,virtual_Normal_507,
42,1054,val,virtual,Normal,Normal_508.xlsx,virtual_Normal_508,
42,1055,train,virtual,Normal,Normal_509.xlsx,virtual_Normal_509,
42,1056,train,virtual,Normal,Normal_51.xlsx,virtual_Normal_51,
42,1057,train,virtual,Normal,Normal_510.xlsx,virtual_Normal_510,
42,1058,val,virtual,Normal,Normal_511.xlsx,virtual_Normal_511,
42,1059,val,virtual,Normal,Normal_512.xlsx,virtual_Normal_512,
42,1060,train,virtual,Normal,Normal_513.xlsx,virtual_Normal_513,
42,1061,train,virtual,Normal,Normal_514.xlsx,virtual_Normal_514,
42,1062,train,virtual,Normal,Normal_515.xlsx,virtual_Normal_515,
42,1063,train,virtual,Normal,Normal_516.xlsx,virtual_Normal_516,
42,1064,train,virtual,Normal,Normal_517.xlsx,virtual_Normal_517,
42,1065,train,virtual,Normal,Normal_518.xlsx,virtual_Normal_518,
42,1066,val,virtual,Normal,Normal_519.xlsx,virtual_Normal_519,
42,1067,train,virtual,Normal,Normal_52.xlsx,virtual_Normal_52,
42,1068,train,virtual,Normal,Normal_520.xlsx,virtual_Normal_520,
42,1069,train,virtual,Normal,Normal_521.xlsx,virtual_Normal_521,
42,1070,train,virtual,Normal,Normal_522.xlsx,virtual_Normal_522,
42,1071,train,virtual,Normal,Normal_523.xlsx,virtual_Normal_523,
42,1072,train,virtual,Normal,Normal_524.xlsx,virtual_Normal_524,
42,1073,train,virtual,Normal,Normal_525.xlsx,virtual_Normal_525,
42,1074,val,virtual,Normal,Normal_526.xlsx,virtual_Normal_526,
42,1075,val,virtual,Normal,Normal_527.xlsx,virtual_Normal_527,
42,1076,val,virtual,Normal,Normal_528.xlsx,virtual_Normal_528,
42,1077,train,virtual,Normal,Normal_529.xlsx,virtual_Normal_529,
42,1078,train,virtual,Normal,Normal_53.xlsx,virtual_Normal_53,
42,1079,train,virtual,Normal,Normal_530.xlsx,virtual_Normal_530,
42,1080,train,virtual,Normal,Normal_531.xlsx,virtual_Normal_531,
42,1081,train,virtual,Normal,Normal_532.xlsx,virtual_Normal_532,
42,1082,train,virtual,Normal,Normal_533.xlsx,virtual_Normal_533,
42,1083,train,virtual,Normal,Normal_534.xlsx,virtual_Normal_534,
42,1084,val,virtual,Normal,Normal_535.xlsx,virtual_Normal_535,
42,1085,train,virtual,Normal,Normal_536.xlsx,virtual_Normal_536,
42,1086,train,virtual,Normal,Normal_537.xlsx,virtual_Normal_537,
42,1087,train,virtual,Normal,Normal_538.xlsx,virtual_Normal_538,
42,1088,train,virtual,Normal,Normal_539.xlsx,virtual_Normal_539,
42,1089,train,virtual,Normal,Normal_54.xlsx,virtual_Normal_54,
42,1090,train,virtual,Normal,Normal_540.xlsx,virtual_Normal_540,
42,1091,val,virtual,Normal,Normal_541.xlsx,virtual_Normal_541,
42,1092,train,virtual,Normal,Normal_542.xlsx,virtual_Normal_542,
42,1093,train,virtual,Normal,Normal_543.xlsx,virtual_Normal_543,
42,1094,train,virtual,Normal,Normal_544.xlsx,virtual_Normal_544,
42,1095,train,virtual,Normal,Normal_545.xlsx,virtual_Normal_545,
42,1096,train,virtual,Normal,Normal_546.xlsx,virtual_Normal_546,
42,1097,train,virtual,Normal,Normal_547.xlsx,virtual_Normal_547,
42,1098,train,virtual,Normal,Normal_548.xlsx,virtual_Normal_548,
42,1099,train,virtual,Normal,Normal_549.xlsx,virtual_Normal_549,
42,1100,train,virtual,Normal,Normal_55.xlsx,virtual_Normal_55,
42,1101,train,virtual,Normal,Normal_550.xlsx,virtual_Normal_550,
42,1102,train,virtual,Normal,Normal_551.xlsx,virtual_Normal_551,
42,1103,train,virtual,Normal,Normal_552.xlsx,virtual_Normal_552,
42,1104,val,virtual,Normal,Normal_553.xlsx,virtual_Normal_553,
42,1105,train,virtual,Normal,Normal_554.xlsx,virtual_Normal_554,
42,1106,train,virtual,Normal,Normal_555.xlsx,virtual_Normal_555,
42,1107,train,virtual,Normal,Normal_556.xlsx,virtual_Normal_556,
42,1108,val,virtual,Normal,Normal_557.xlsx,virtual_Normal_557,
42,1109,train,virtual,Normal,Normal_558.xlsx,virtual_Normal_558,
42,1110,val,virtual,Normal,Normal_559.xlsx,virtual_Normal_559,
42,1111,train,virtual,Normal,Normal_56.xlsx,virtual_Normal_56,
42,1112,train,virtual,Normal,Normal_560.xlsx,virtual_Normal_560,
42,1113,train,virtual,Normal,Normal_561.xlsx,virtual_Normal_561,
42,1114,train,virtual,Normal,Normal_562.xlsx,virtual_Normal_562,
42,1115,train,virtual,Normal,Normal_563.xlsx,virtual_Normal_563,
42,1116,train,virtual,Normal,Normal_564.xlsx,virtual_Normal_564,
42,1117,train,virtual,Normal,Normal_565.xlsx,virtual_Normal_565,
42,1118,train,virtual,Normal,Normal_566.xlsx,virtual_Normal_566,
42,1119,train,virtual,Normal,Normal_567.xlsx,virtual_Normal_567,
42,1120,train,virtual,Normal,Normal_568.xlsx,virtual_Normal_568,
42,1121,train,virtual,Normal,Normal_569.xlsx,virtual_Normal_569,
42,1122,train,virtual,Normal,Normal_57.xlsx,virtual_Normal_57,
42,1123,train,virtual,Normal,Normal_570.xlsx,virtual_Normal_570,
42,1124,train,virtual,Normal,Normal_571.xlsx,virtual_Normal_571,
42,1125,train,virtual,Normal,Normal_572.xlsx,virtual_Normal_572,
42,1126,train,virtual,Normal,Normal_573.xlsx,virtual_Normal_573,
42,1127,train,virtual,Normal,Normal_574.xlsx,virtual_Normal_574,
42,1128,train,virtual,Normal,Normal_575.xlsx,virtual_Normal_575,
42,1129,train,virtual,Normal,Normal_576.xlsx,virtual_Normal_576,
42,1130,train,virtual,Normal,Normal_577.xlsx,virtual_Normal_577,
42,1131,train,virtual,Normal,Normal_578.xlsx,virtual_Normal_578,
42,1132,train,virtual,Normal,Normal_579.xlsx,virtual_Normal_579,
42,1133,train,virtual,Normal,Normal_58.xlsx,virtual_Normal_58,
42,1134,train,virtual,Normal,Normal_580.xlsx,virtual_Normal_580,
42,1135,train,virtual,Normal,Normal_581.xlsx,virtual_Normal_581,
42,1136,train,virtual,Normal,Normal_582.xlsx,virtual_Normal_582,
42,1137,train,virtual,Normal,Normal_583.xlsx,virtual_Normal_583,
42,1138,train,virtual,Normal,Normal_584.xlsx,virtual_Normal_584,
42,1139,train,virtual,Normal,Normal_585.xlsx,virtual_Normal_585,
42,1140,train,virtual,Normal,Normal_586.xlsx,virtual_Normal_586,
42,1141,train,virtual,Normal,Normal_587.xlsx,virtual_Normal_587,
42,1142,train,virtual,Normal,Normal_588.xlsx,virtual_Normal_588,
42,1143,train,virtual,Normal,Normal_589.xlsx,virtual_Normal_589,
42,1144,train,virtual,Normal,Normal_59.xlsx,virtual_Normal_59,
42,1145,train,virtual,Normal,Normal_590.xlsx,virtual_Normal_590,
42,1146,train,virtual,Normal,Normal_591.xlsx,virtual_Normal_591,
42,1147,train,virtual,Normal,Normal_592.xlsx,virtual_Normal_592,
42,1148,train,virtual,Normal,Normal_593.xlsx,virtual_Normal_593,
42,1149,train,virtual,Normal,Normal_594.xlsx,virtual_Normal_594,
42,1150,train,virtual,Normal,Normal_595.xlsx,virtual_Normal_595,
42,1151,train,virtual,Normal,Normal_596.xlsx,virtual_Normal_596,
42,1152,train,virtual,Normal,Normal_597.xlsx,virtual_Normal_597,
42,1153,train,virtual,Normal,Normal_598.xlsx,virtual_Normal_598,
42,1154,train,virtual,Normal,Normal_599.xlsx,virtual_Normal_599,
42,1155,train,virtual,Normal,Normal_6.xlsx,virtual_Normal_6,
42,1156,train,virtual,Normal,Normal_60.xlsx,virtual_Normal_60,
42,1157,train,virtual,Normal,Normal_600.xlsx,virtual_Normal_600,
42,1158,val,virtual,Normal,Normal_61.xlsx,virtual_Normal_61,
42,1159,train,virtual,Normal,Normal_62.xlsx,virtual_Normal_62,
42,1160,val,virtual,Normal,Normal_63.xlsx,virtual_Normal_63,
42,1161,train,virtual,Normal,Normal_64.xlsx,virtual_Normal_64,
42,1162,val,virtual,Normal,Normal_65.xlsx,virtual_Normal_65,
42,1163,train,virtual,Normal,Normal_66.xlsx,virtual_Normal_66,
42,1164,train,virtual,Normal,Normal_67.xlsx,virtual_Normal_67,
42,1165,train,virtual,Normal,Normal_68.xlsx,virtual_Normal_68,
42,1166,train,virtual,Normal,Normal_69.xlsx,virtual_Normal_69,
42,1167,train,virtual,Normal,Normal_7.xlsx,virtual_Normal_7,
42,1168,train,virtual,Normal,Normal_70.xlsx,virtual_Normal_70,
42,1169,train,virtual,Normal,Normal_71.xlsx,virtual_Normal_71,
42,1170,train,virtual,Normal,Normal_72.xlsx,virtual_Normal_72,
42,1171,train,virtual,Normal,Normal_73.xlsx,virtual_Normal_73,
42,1172,train,virtual,Normal,Normal_74.xlsx,virtual_Normal_74,
42,1173,train,virtual,Normal,Normal_75.xlsx,virtual_Normal_75,
42,1174,train,virtual,Normal,Normal_76.xlsx,virtual_Normal_76,
42,1175,train,virtual,Normal,Normal_77.xlsx,virtual_Normal_77,
42,1176,train,virtual,Normal,Normal_78.xlsx,virtual_Normal_78,
42,1177,train,virtual,Normal,Normal_79.xlsx,virtual_Normal_79,
42,1178,train,virtual,Normal,Normal_8.xlsx,virtual_Normal_8,
42,1179,train,virtual,Normal,Normal_80.xlsx,virtual_Normal_80,
42,1180,train,virtual,Normal,Normal_81.xlsx,virtual_Normal_81,
42,1181,train,virtual,Normal,Normal_82.xlsx,virtual_Normal_82,
42,1182,train,virtual,Normal,Normal_83.xlsx,virtual_Normal_83,
42,1183,train,virtual,Normal,Normal_84.xlsx,virtual_Normal_84,
42,1184,train,virtual,Normal,Normal_85.xlsx,virtual_Normal_85,
42,1185,val,virtual,Normal,Normal_86.xlsx,virtual_Normal_86,
42,1186,train,virtual,Normal,Normal_87.xlsx,virtual_Normal_87,
42,1187,train,virtual,Normal,Normal_88.xlsx,virtual_Normal_88,
42,1188,train,virtual,Normal,Normal_89.xlsx,virtual_Normal_89,
42,1189,train,virtual,Normal,Normal_9.xlsx,virtual_Normal_9,
42,1190,train,virtual,Normal,Normal_90.xlsx,virtual_Normal_90,
42,1191,train,virtual,Normal,Normal_91.xlsx,virtual_Normal_91,
42,1192,train,virtual,Normal,Normal_92.xlsx,virtual_Normal_92,
42,1193,train,virtual,Normal,Normal_93.xlsx,virtual_Normal_93,
42,1194,val,virtual,Normal,Normal_94.xlsx,virtual_Normal_94,
42,1195,train,virtual,Normal,Normal_95.xlsx,virtual_Normal_95,
42,1196,train,virtual,Normal,Normal_96.xlsx,virtual_Normal_96,
42,1197,train,virtual,Normal,Normal_97.xlsx,virtual_Normal_97,
42,1198,train,virtual,Normal,Normal_98.xlsx,virtual_Normal_98,
42,1199,train,virtual,Normal,Normal_99.xlsx,virtual_Normal_99,
42,1200,train,real,充电短路,0.01Ω充电短路.xlsx,real_0,0.01
42,1201,train,real,充电短路,0.01Ω充电短路_仿真_1.xlsx,real_0,0.01
42,1202,train,real,充电短路,0.01Ω充电短路_仿真_10.xlsx,real_0,0.01
42,1203,train,real,充电短路,0.01Ω充电短路_仿真_2.xlsx,real_0,0.01
42,1204,train,real,充电短路,0.01Ω充电短路_仿真_3.xlsx,real_0,0.01
42,1205,train,real,充电短路,0.01Ω充电短路_仿真_4.xlsx,real_0,0.01
42,1206,train,real,充电短路,0.01Ω充电短路_仿真_5.xlsx,real_0,0.01
42,1207,train,real,充电短路,0.01Ω充电短路_仿真_6.xlsx,real_0,0.01
42,1208,train,real,充电短路,0.01Ω充电短路_仿真_7.xlsx,real_0,0.01
42,1209,val,real,充电短路,0.01Ω充电短路_仿真_8.xlsx,real_0,0.01
42,1210,train,real,充电短路,0.01Ω充电短路_仿真_9.xlsx,real_0,0.01
42,1211,train,real,充电短路,0.05Ω充电短路.xlsx,real_0,0.05
42,1212,val,real,充电短路,0.05Ω充电短路_仿真_1.xlsx,real_0,0.05
42,1213,train,real,充电短路,0.05Ω充电短路_仿真_10.xlsx,real_0,0.05
42,1214,train,real,充电短路,0.05Ω充电短路_仿真_2.xlsx,real_0,0.05
42,1215,train,real,充电短路,0.05Ω充电短路_仿真_3.xlsx,real_0,0.05
42,1216,train,real,充电短路,0.05Ω充电短路_仿真_4.xlsx,real_0,0.05
42,1217,train,real,充电短路,0.05Ω充电短路_仿真_5.xlsx,real_0,0.05
42,1218,val,real,充电短路,0.05Ω充电短路_仿真_6.xlsx,real_0,0.05
42,1219,val,real,充电短路,0.05Ω充电短路_仿真_7.xlsx,real_0,0.05
42,1220,train,real,充电短路,0.05Ω充电短路_仿真_8.xlsx,real_0,0.05
42,1221,train,real,充电短路,0.05Ω充电短路_仿真_9.xlsx,real_0,0.05
42,1222,train,real,充电短路,0.1Ω充电短路.xlsx,real_0,0.1
42,1223,train,real,充电短路,0.1Ω充电短路_仿真_1.xlsx,real_0,0.1
42,1224,train,real,充电短路,0.1Ω充电短路_仿真_10.xlsx,real_0,0.1
42,1225,train,real,充电短路,0.1Ω充电短路_仿真_2.xlsx,real_0,0.1
42,1226,val,real,充电短路,0.1Ω充电短路_仿真_3.xlsx,real_0,0.1
42,1227,train,real,充电短路,0.1Ω充电短路_仿真_4.xlsx,real_0,0.1
42,1228,train,real,充电短路,0.1Ω充电短路_仿真_5.xlsx,real_0,0.1
42,1229,val,real,充电短路,0.1Ω充电短路_仿真_6.xlsx,real_0,0.1
42,1230,val,real,充电短路,0.1Ω充电短路_仿真_7.xlsx,real_0,0.1
42,1231,val,real,充电短路,0.1Ω充电短路_仿真_8.xlsx,real_0,0.1
42,1232,train,real,充电短路,0.1Ω充电短路_仿真_9.xlsx,real_0,0.1
42,1233,train,real,充电短路,0.2Ω充电短路.xlsx,real_0,0.2
42,1234,train,real,充电短路,0.2Ω充电短路_仿真_1.xlsx,real_0,0.2
42,1235,train,real,充电短路,0.2Ω充电短路_仿真_10.xlsx,real_0,0.2
42,1236,val,real,充电短路,0.2Ω充电短路_仿真_2.xlsx,real_0,0.2
42,1237,train,real,充电短路,0.2Ω充电短路_仿真_3.xlsx,real_0,0.2
42,1238,train,real,充电短路,0.2Ω充电短路_仿真_4.xlsx,real_0,0.2
42,1239,train,real,充电短路,0.2Ω充电短路_仿真_5.xlsx,real_0,0.2
42,1240,train,real,充电短路,0.2Ω充电短路_仿真_6.xlsx,real_0,0.2
42,1241,train,real,充电短路,0.2Ω充电短路_仿真_7.xlsx,real_0,0.2
42,1242,train,real,充电短路,0.2Ω充电短路_仿真_8.xlsx,real_0,0.2
42,1243,train,real,充电短路,0.2Ω充电短路_仿真_9.xlsx,real_0,0.2
42,1244,train,real,充电短路,0.5Ω充电短路.xlsx,real_0,0.5
42,1245,val,real,充电短路,0.5Ω充电短路_仿真_1.xlsx,real_0,0.5
42,1246,train,real,充电短路,0.5Ω充电短路_仿真_10.xlsx,real_0,0.5
42,1247,train,real,充电短路,0.5Ω充电短路_仿真_2.xlsx,real_0,0.5
42,1248,train,real,充电短路,0.5Ω充电短路_仿真_3.xlsx,real_0,0.5
42,1249,train,real,充电短路,0.5Ω充电短路_仿真_4.xlsx,real_0,0.5
42,1250,train,real,充电短路,0.5Ω充电短路_仿真_5.xlsx,real_0,0.5
42,1251,train,real,充电短路,0.5Ω充电短路_仿真_6.xlsx,real_0,0.5
42,1252,train,real,充电短路,0.5Ω充电短路_仿真_7.xlsx,real_0,0.5
42,1253,train,real,充电短路,0.5Ω充电短路_仿真_8.xlsx,real_0,0.5
42,1254,train,real,充电短路,0.5Ω充电短路_仿真_9.xlsx,real_0,0.5
42,1255,test,real,充电短路,10Ω充电短路.xlsx,real_1,10.0
42,1256,test,real,充电短路,10Ω充电短路_仿真_1.xlsx,real_1,10.0
42,1257,test,real,充电短路,10Ω充电短路_仿真_10.xlsx,real_1,10.0
42,1258,test,real,充电短路,10Ω充电短路_仿真_2.xlsx,real_1,10.0
42,1259,test,real,充电短路,10Ω充电短路_仿真_3.xlsx,real_1,10.0
42,1260,test,real,充电短路,10Ω充电短路_仿真_4.xlsx,real_1,10.0
42,1261,test,real,充电短路,10Ω充电短路_仿真_5.xlsx,real_1,10.0
42,1262,test,real,充电短路,10Ω充电短路_仿真_6.xlsx,real_1,10.0
42,1263,test,real,充电短路,10Ω充电短路_仿真_7.xlsx,real_1,10.0
42,1264,test,real,充电短路,10Ω充电短路_仿真_8.xlsx,real_1,10.0
42,1265,test,real,充电短路,10Ω充电短路_仿真_9.xlsx,real_1,10.0
42,1266,test,real,充电短路,1Ω充电短路.xlsx,real_1Ω充电短路,1.0
42,1267,val,real,充电短路,1Ω充电短路_仿真_1.xlsx,real_1Ω充电短路_仿真_1,1.0
42,1268,test,real,充电短路,1Ω充电短路_仿真_10.xlsx,real_1Ω充电短路_仿真_10,1.0
42,1269,val,real,充电短路,1Ω充电短路_仿真_2.xlsx,real_1Ω充电短路_仿真_2,1.0
42,1270,train,real,充电短路,1Ω充电短路_仿真_3.xlsx,real_1Ω充电短路_仿真_3,1.0
42,1271,test,real,充电短路,1Ω充电短路_仿真_4.xlsx,real_1Ω充电短路_仿真_4,1.0
42,1272,test,real,充电短路,1Ω充电短路_仿真_5.xlsx,real_1Ω充电短路_仿真_5,1.0
42,1273,train,real,充电短路,1Ω充电短路_仿真_6.xlsx,real_1Ω充电短路_仿真_6,1.0
42,1274,test,real,充电短路,1Ω充电短路_仿真_7.xlsx,real_1Ω充电短路_仿真_7,1.0
42,1275,train,real,充电短路,1Ω充电短路_仿真_8.xlsx,real_1Ω充电短路_仿真_8,1.0
42,1276,test,real,充电短路,1Ω充电短路_仿真_9.xlsx,real_1Ω充电短路_仿真_9,1.0
42,1277,train,real,充电短路,5Ω充电短路.xlsx,real_5Ω充电短路,5.0
42,1278,test,real,充电短路,5Ω充电短路_仿真_1.xlsx,real_5Ω充电短路_仿真_1,5.0
42,1279,test,real,充电短路,5Ω充电短路_仿真_10.xlsx,real_5Ω充电短路_仿真_10,5.0
42,1280,test,real,充电短路,5Ω充电短路_仿真_2.xlsx,real_5Ω充电短路_仿真_2,5.0
42,1281,train,real,充电短路,5Ω充电短路_仿真_3.xlsx,real_5Ω充电短路_仿真_3,5.0
42,1282,test,real,充电短路,5Ω充电短路_仿真_4.xlsx,real_5Ω充电短路_仿真_4,5.0
42,1283,train,real,充电短路,5Ω充电短路_仿真_5.xlsx,real_5Ω充电短路_仿真_5,5.0
42,1284,train,real,充电短路,5Ω充电短路_仿真_6.xlsx,real_5Ω充电短路_仿真_6,5.0
42,1285,val,real,充电短路,5Ω充电短路_仿真_7.xlsx,real_5Ω充电短路_仿真_7,5.0
42,1286,test,real,充电短路,5Ω充电短路_仿真_8.xlsx,real_5Ω充电短路_仿真_8,5.0
42,1287,test,real,充电短路,5Ω充电短路_仿真_9.xlsx,real_5Ω充电短路_仿真_9,5.0
42,1288,train,real,GZ,0.01Ω_2.xlsx,real_0,0.01
42,1289,train,real,GZ,0.01Ω_3.xlsx,real_0,0.01
42,1290,train,real,GZ,0.01Ω_4.xlsx,real_0,0.01
42,1291,val,real,GZ,0.01Ω_5.xlsx,real_0,0.01
42,1292,val,real,GZ,0.01Ω_6.xlsx,real_0,0.01
42,1293,train,real,GZ,0.01Ω_7.xlsx,real_0,0.01
42,1294,train,real,GZ,0.01Ω_8.xlsx,real_0,0.01
42,1295,train,real,GZ,0.01Ω_9.xlsx,real_0,0.01
42,1296,val,real,GZ,0.01Ω_99.xlsx,real_0,0.01
42,1297,train,real,GZ,0.01Ω_Y.xlsx,real_0,0.01
42,1298,train,real,GZ,0.01Ω_仿真_1.xlsx,real_0,0.01
42,1299,val,real,GZ,0.01Ω_仿真_10.xlsx,real_0,0.01
42,1300,train,real,GZ,0.01Ω_仿真_2.xlsx,real_0,0.01
42,1301,val,real,GZ,0.01Ω_仿真_3.xlsx,real_0,0.01
42,1302,train,real,GZ,0.01Ω_仿真_4.xlsx,real_0,0.01
42,1303,train,real,GZ,0.01Ω_仿真_5.xlsx,real_0,0.01
42,1304,train,real,GZ,0.01Ω_仿真_6.xlsx,real_0,0.01
42,1305,val,real,GZ,0.01Ω_仿真_7.xlsx,real_0,0.01
42,1306,train,real,GZ,0.01Ω_仿真_8.xlsx,real_0,0.01
42,1307,train,real,GZ,0.01Ω_仿真_9.xlsx,real_0,0.01
42,1308,train,real,GZ,0.1Ω_2.xlsx,real_0,0.1
42,1309,train,real,GZ,0.1Ω_3.xlsx,real_0,0.1
42,1310,train,real,GZ,0.1Ω_4.xlsx,real_0,0.1
42,1311,train,real,GZ,0.1Ω_5.xlsx,real_0,0.1
42,1312,train,real,GZ,0.1Ω_6.xlsx,real_0,0.1
42,1313,train,real,GZ,0.1Ω_7.xlsx,real_0,0.1
42,1314,train,real,GZ,0.1Ω_8.xlsx,real_0,0.1
42,1315,train,real,GZ,0.1Ω_9.xlsx,real_0,0.1
42,1316,train,real,GZ,0.1Ω_99.xlsx,real_0,0.1
42,1317,train,real,GZ,0.1Ω_Y.xlsx,real_0,0.1
42,1318,train,real,GZ,0.1Ω_仿真_1.xlsx,real_0,0.1
42,1319,train,real,GZ,0.1Ω_仿真_10.xlsx,real_0,0.1
42,1320,train,real,GZ,0.1Ω_仿真_2.xlsx,real_0,0.1
42,1321,train,real,GZ,0.1Ω_仿真_3.xlsx,real_0,0.1
42,1322,train,real,GZ,0.1Ω_仿真_4.xlsx,real_0,0.1
42,1323,train,real,GZ,0.1Ω_仿真_5.xlsx,real_0,0.1
42,1324,train,real,GZ,0.1Ω_仿真_6.xlsx,real_0,0.1
42,1325,train,real,GZ,0.1Ω_仿真_7.xlsx,real_0,0.1
42,1326,train,real,GZ,0.1Ω_仿真_8.xlsx,real_0,0.1
42,1327,val,real,GZ,0.1Ω_仿真_9.xlsx,real_0,0.1
42,1328,test,real,GZ,10Ω_10.xlsx,real_1,10.0
42,1329,test,real,GZ,10Ω_2.xlsx,real_1,10.0
42,1330,test,real,GZ,10Ω_3.xlsx,real_1,10.0
42,1331,test,real,GZ,10Ω_4.xlsx,real_1,10.0
42,1332,test,real,GZ,10Ω_5.xlsx,real_1,10.0
42,1333,test,real,GZ,10Ω_6.xlsx,real_1,10.0
42,1334,test,real,GZ,10Ω_7.xlsx,real_1,10.0
42,1335,test,real,GZ,10Ω_8.xlsx,real_1,10.0
42,1336,test,real,GZ,10Ω_9.xlsx,real_1,10.0
42,1337,test,real,GZ,10Ω_Y.xlsx,real_1,10.0
42,1338,test,real,GZ,10Ω_仿真_1.xlsx,real_1,10.0
42,1339,test,real,GZ,10Ω_仿真_10.xlsx,real_1,10.0
42,1340,test,real,GZ,10Ω_仿真_2.xlsx,real_1,10.0
42,1341,test,real,GZ,10Ω_仿真_3.xlsx,real_1,10.0
42,1342,test,real,GZ,10Ω_仿真_4.xlsx,real_1,10.0
42,1343,test,real,GZ,10Ω_仿真_5.xlsx,real_1,10.0
42,1344,test,real,GZ,10Ω_仿真_6.xlsx,real_1,10.0
42,1345,test,real,GZ,10Ω_仿真_7.xlsx,real_1,10.0
42,1346,test,real,GZ,10Ω_仿真_8.xlsx,real_1,10.0
42,1347,test,real,GZ,10Ω_仿真_9.xlsx,real_1,10.0
42,1348,train,real,GZ,1Ω_1.xlsx,real_1Ω_1,1.0
42,1349,train,real,GZ,1Ω_2.xlsx,real_1Ω_2,1.0
42,1350,train,real,GZ,1Ω_3.xlsx,real_1Ω_3,1.0
42,1351,val,real,GZ,1Ω_4.xlsx,real_1Ω_4,1.0
42,1352,train,real,GZ,1Ω_5.xlsx,real_1Ω_5,1.0
42,1353,test,real,GZ,1Ω_6.xlsx,real_1Ω_6,1.0
42,1354,test,real,GZ,1Ω_7.xlsx,real_1Ω_7,1.0
42,1355,test,real,GZ,1Ω_8.xlsx,real_1Ω_8,1.0
42,1356,val,real,GZ,1Ω_9.xlsx,real_1Ω_9,1.0
42,1357,train,real,GZ,1Ω_99.xlsx,real_1Ω_99,1.0
42,1358,train,real,GZ,1Ω_仿真_1.xlsx,real_1Ω_仿真_1,1.0
42,1359,test,real,GZ,1Ω_仿真_10.xlsx,real_1Ω_仿真_10,1.0
42,1360,train,real,GZ,1Ω_仿真_2.xlsx,real_1Ω_仿真_2,1.0
42,1361,test,real,GZ,1Ω_仿真_3.xlsx,real_1Ω_仿真_3,1.0
42,1362,test,real,GZ,1Ω_仿真_4.xlsx,real_1Ω_仿真_4,1.0
42,1363,test,real,GZ,1Ω_仿真_5.xlsx,real_1Ω_仿真_5,1.0
42,1364,train,real,GZ,1Ω_仿真_6.xlsx,real_1Ω_仿真_6,1.0
42,1365,train,real,GZ,1Ω_仿真_7.xlsx,real_1Ω_仿真_7,1.0
42,1366,test,real,GZ,1Ω_仿真_8.xlsx,real_1Ω_仿真_8,1.0
42,1367,test,real,GZ,1Ω_仿真_9.xlsx,real_1Ω_仿真_9,1.0
42,1368,train,real,Normal,Normal_2.xlsx,real_Normal_2,
42,1369,test,real,Normal,Normal_3.xlsx,real_Normal_3,
42,1370,test,real,Normal,Normal_4.xlsx,real_Normal_4,
42,1371,train,real,Normal,Normal_5.xlsx,real_Normal_5,
42,1372,val,real,Normal,Normal_6.xlsx,real_Normal_6,
42,1373,train,real,Normal,Normal_7.xlsx,real_Normal_7,
42,1374,test,real,Normal,Normal_8.xlsx,real_Normal_8,
42,1375,train,real,Normal,Normal_9.xlsx,real_Normal_9,
42,1376,train,real,Normal,Normal_d10.xlsx,real_Normal_d10,
42,1377,train,real,Normal,Normal_d2.xlsx,real_Normal_d2,
42,1378,test,real,Normal,Normal_d3.xlsx,real_Normal_d3,
42,1379,test,real,Normal,Normal_d4.xlsx,real_Normal_d4,
42,1380,train,real,Normal,Normal_d5.xlsx,real_Normal_d5,
42,1381,train,real,Normal,Normal_d6.xlsx,real_Normal_d6,
42,1382,test,real,Normal,Normal_d7.xlsx,real_Normal_d7,
42,1383,test,real,Normal,Normal_d8.xlsx,real_Normal_d8,
42,1384,train,real,Normal,Normal_d9.xlsx,real_Normal_d9,
42,1385,train,real,Normal,Normal_dY.xlsx,real_Normal_dY,
42,1386,test,real,Normal,Normal_充电_1.xlsx,real_Normal_充电_1,
42,1387,val,real,Normal,Normal_充电_10.xlsx,real_Normal_充电_10,
42,1388,test,real,Normal,Normal_充电_11.xlsx,real_Normal_充电_11,
42,1389,test,real,Normal,Normal_充电_12.xlsx,real_Normal_充电_12,
42,1390,test,real,Normal,Normal_充电_13.xlsx,real_Normal_充电_13,
42,1391,test,real,Normal,Normal_充电_14.xlsx,real_Normal_充电_14,
42,1392,test,real,Normal,Normal_充电_15.xlsx,real_Normal_充电_15,
42,1393,val,real,Normal,Normal_充电_16.xlsx,real_Normal_充电_16,
42,1394,test,real,Normal,Normal_充电_17.xlsx,real_Normal_充电_17,
42,1395,test,real,Normal,Normal_充电_18.xlsx,real_Normal_充电_18,
42,1396,train,real,Normal,Normal_充电_19.xlsx,real_Normal_充电_19,
42,1397,test,real,Normal,Normal_充电_2.xlsx,real_Normal_充电_2,
42,1398,train,real,Normal,Normal_充电_20.xlsx,real_Normal_充电_20,
42,1399,val,real,Normal,Normal_充电_21.xlsx,real_Normal_充电_21,
42,1400,test,real,Normal,Normal_充电_22.xlsx,real_Normal_充电_22,
42,1401,val,real,Normal,Normal_充电_23.xlsx,real_Normal_充电_23,
42,1402,train,real,Normal,Normal_充电_24.xlsx,real_Normal_充电_24,
42,1403,test,real,Normal,Normal_充电_25.xlsx,real_Normal_充电_25,
42,1404,train,real,Normal,Normal_充电_26.xlsx,real_Normal_充电_26,
42,1405,test,real,Normal,Normal_充电_27.xlsx,real_Normal_充电_27,
42,1406,test,real,Normal,Normal_充电_28.xlsx,real_Normal_充电_28,
42,1407,test,real,Normal,Normal_充电_29.xlsx,real_Normal_充电_29,
42,1408,train,real,Normal,Normal_充电_3.xlsx,real_Normal_充电_3,
42,1409,train,real,Normal,Normal_充电_30.xlsx,real_Normal_充电_30,
42,1410,train,real,Normal,Normal_充电_31.xlsx,real_Normal_充电_31,
42,1411,test,real,Normal,Normal_充电_32.xlsx,real_Normal_充电_32,
42,1412,train,real,Normal,Normal_充电_33.xlsx,real_Normal_充电_33,
42,1413,train,real,Normal,Normal_充电_34.xlsx,real_Normal_充电_34,
42,1414,train,real,Normal,Normal_充电_35.xlsx,real_Normal_充电_35,
42,1415,val,real,Normal,Normal_充电_36.xlsx,real_Normal_充电_36,
42,1416,train,real,Normal,Normal_充电_37.xlsx,real_Normal_充电_37,
42,1417,val,real,Normal,Normal_充电_38.xlsx,real_Normal_充电_38,
42,1418,test,real,Normal,Normal_充电_39.xlsx,real_Normal_充电_39,
42,1419,test,real,Normal,Normal_充电_4.xlsx,real_Normal_充电_4,
42,1420,test,real,Normal,Normal_充电_40.xlsx,real_Normal_充电_40,
42,1421,test,real,Normal,Normal_充电_41.xlsx,real_Normal_充电_41,
42,1422,train,real,Normal,Normal_充电_42.xlsx,real_Normal_充电_42,
42,1423,val,real,Normal,Normal_充电_43.xlsx,real_Normal_充电_43,
42,1424,test,real,Normal,Normal_充电_44.xlsx,real_Normal_充电_44,
42,1425,test,real,Normal,Normal_充电_45.xlsx,real_Normal_充电_45,
42,1426,train,real,Normal,Normal_充电_46.xlsx,real_Normal_充电_46,
42,1427,test,real,Normal,Normal_充电_47.xlsx,real_Normal_充电_47,
42,1428,test,real,Normal,Normal_充电_48.xlsx,real_Normal_充电_48,
42,1429,train,real,Normal,Normal_充电_49.xlsx,real_Normal_充电_49,
42,1430,test,real,Normal,Normal_充电_5.xlsx,real_Normal_充电_5,
42,1431,train,real,Normal,Normal_充电_50.xlsx,real_Normal_充电_50,
42,1432,test,real,Normal,Normal_充电_6.xlsx,real_Normal_充电_6,
42,1433,train,real,Normal,Normal_充电_7.xlsx,real_Normal_充电_7,
42,1434,test,real,Normal,Normal_充电_8.xlsx,real_Normal_充电_8,
42,1435,test,real,Normal,Normal_充电_9.xlsx,real_Normal_充电_9,
